project_id,snapshot_date,role_id,role,location_type,location,resource_count,allocated_fte,avg_experience_years,allocation_percent,allocation_start_date,allocation_end_date,rate_per_day,planned_effort,planned_cost
1,2025-12-01,2,BA,Onsite,Onsite,1,1,7.0,100,2025-11-01,2026-05-30,1000,160,160000
1,2025-12-01,6,Manual Tester,Onsite,Onsite,1,1,6.0,100,2025-11-01,2026-05-30,750,160,120000
1,2025-12-01,1,PM,Onsite,Onsite,1,1,9.0,100,2025-11-01,2026-05-30,1200,160,192000
1,2025-12-01,34,QA Lead,Onsite,Onsite,1,1,6.0,100,2025-11-01,2026-05-30,900,160,144000
1,2025-12-01,39,SAP Consultant,Onsite,Onsite,3,3,9.0,100,2025-11-01,2026-05-30,1100,480,528000
2,2025-12-01,7,Automation Tester,Offshore,Offshore,1,1,6.0,100,2025-11-01,2026-05-30,800,160,128000
2,2025-12-01,2,BA,Onsite,Onsite,1,1,7.0,100,2025-11-01,2026-05-30,1000,160,160000
2,2025-12-01,36,DevOps Engineer,Offshore,Offshore,1,1,7.0,100,2025-11-01,2026-05-30,950,160,152000
2,2025-12-01,6,Manual Tester,Offshore,Offshore,1,1,6.0,100,2025-11-01,2026-05-30,750,160,120000
2,2025-12-01,1,PM,Onsite,Onsite,1,1,9.0,100,2025-11-01,2026-05-30,1200,160,192000
2,2025-12-01,26,Python Developer,Offshore,Offshore,7,7,5.5,100,2025-11-01,2026-05-30,1000,1120,1120000
2,2025-12-01,34,QA Lead,Onsite,Onsite,1,1,6.0,100,2025-11-01,2026-05-30,900,160,144000
2,2025-12-01,18,Solution Architect,Onsite,Onsite,1,1,9.0,100,2025-11-01,2026-05-30,1300,160,208000
3,2025-12-01,7,Automation Tester,Offshore,Offshore,1,1,6.0,100,2025-11-01,2026-05-30,800,160,128000
3,2025-12-01,2,BA,Onsite,Onsite,1,1,7.0,100,2025-11-01,2026-05-30,1000,160,160000
3,2025-12-01,36,DevOps Engineer,Offshore,Offshore,1,1,7.0,100,2025-11-01,2026-05-30,950,160,152000
3,2025-12-01,6,Manual Tester,Offshore,Offshore,1,1,6.0,100,2025-11-01,2026-05-30,750,160,120000
3,2025-12-01,1,PM,Onsite,Onsite,1,1,9.0,100,2025-11-01,2026-05-30,1200,160,192000
3,2025-12-01,26,Python Developer,Offshore,Offshore,6,6,5.5,100,2025-11-01,2026-05-30,1000,960,960000
3,2025-12-01,34,QA Lead,Onsite,Onsite,1,1,6.0,100,2025-11-01,2026-05-30,900,160,144000
3,2025-12-01,29,React Developer,Offshore,Offshore,6,6,5.5,100,2025-11-01,2026-05-30,950,960,912000
3,2025-12-01,27,React Lead,Onsite,Onsite,1,1,9.0,100,2025-11-01,2026-05-30,1050,160,168000
3,2025-12-01,18,Solution Architect,Onsite,Onsite,1,1,9.0,100,2025-11-01,2026-05-30,1300,160,208000
4,2025-12-01,7,Automation Tester,Offshore,Offshore,1,1,6.0,100,2025-11-01,2026-05-30,800,160,128000
4,2025-12-01,2,BA,Onsite,Onsite,1,1,7.0,100,2025-11-01,2026-05-30,1000,160,160000
4,2025-12-01,36,DevOps Engineer,Offshore,Offshore,1,1,7.0,100,2025-11-01,2026-05-30,950,160,152000
4,2025-12-01,6,Manual Tester,Offshore,Offshore,1,1,6.0,100,2025-11-01,2026-05-30,750,160,120000
4,2025-12-01,1,PM,Onsite,Onsite,1,1,9.0,100,2025-11-01,2026-05-30,1200,160,192000
4,2025-12-01,26,Python Developer,Offshore,Offshore,5,5,5.5,100,2025-11-01,2026-05-30,1000,800,800000
4,2025-12-01,25,Python Lead,Onsite,Onsite,1,1,9.0,100,2025-11-01,2026-05-30,1100,160,176000
4,2025-12-01,34,QA Lead,Onsite,Onsite,1,1,6.0,100,2025-11-01,2026-05-30,900,160,144000
4,2025-12-01,18,Solution Architect,Onsite,Onsite,1,1,9.0,100,2025-11-01,2026-05-30,1300,160,208000
5,2025-12-01,2,BA,Onsite,Onsite,1,1,7.0,100,2025-11-01,2026-05-30,1000,160,160000
5,2025-12-01,23,Java Developer,Onsite,Onsite,2,2,5.5,100,2025-11-01,2026-05-30,1000,320,320000
5,2025-12-01,6,Manual Tester,Onsite,Onsite,1,1,6.0,100,2025-11-01,2026-05-30,750,160,120000
5,2025-12-01,1,PM,Onsite,Onsite,1,1,9.0,100,2025-11-01,2026-05-30,1200,160,192000
5,2025-12-01,34,QA Lead,Onsite,Onsite,1,1,6.0,100,2025-11-01,2026-05-30,900,160,144000
6,2025-12-01,7,Automation Tester,Offshore,Offshore,1,1,6.0,100,2025-11-01,2026-05-30,800,160,128000
6,2025-12-01,2,BA,Onsite,Onsite,1,1,7.0,100,2025-11-01,2026-05-30,1000,160,160000
6,2025-12-01,36,DevOps Engineer,Offshore,Offshore,1,1,7.0,100,2025-11-01,2026-05-30,950,160,152000
6,2025-12-01,6,Manual Tester,Offshore,Offshore,1,1,6.0,100,2025-11-01,2026-05-30,750,160,120000
6,2025-12-01,1,PM,Onsite,Onsite,1,1,9.0,100,2025-11-01,2026-05-30,1200,160,192000
6,2025-12-01,26,Python Developer,Offshore,Offshore,7,7,5.5,100,2025-11-01,2026-05-30,1000,1120,1120000
6,2025-12-01,34,QA Lead,Onsite,Onsite,1,1,6.0,100,2025-11-01,2026-05-30,900,160,144000
6,2025-12-01,18,Solution Architect,Onsite,Onsite,1,1,9.0,100,2025-11-01,2026-05-30,1300,160,208000
7,2025-12-01,7,Automation Tester,Offshore,Offshore,1,1,6.0,100,2025-11-01,2026-05-30,800,160,128000
7,2025-12-01,2,BA,Onsite,Onsite,1,1,7.0,100,2025-11-01,2026-05-30,1000,160,160000
7,2025-12-01,36,DevOps Engineer,Offshore,Offshore,1,1,7.0,100,2025-11-01,2026-05-30,950,160,152000
7,2025-12-01,6,Manual Tester,Offshore,Offshore,1,1,6.0,100,2025-11-01,2026-05-30,750,160,120000
7,2025-12-01,1,PM,Onsite,Onsite,1,1,9.0,100,2025-11-01,2026-05-30,1200,160,192000
7,2025-12-01,34,QA Lead,Onsite,Onsite,1,1,6.0,100,2025-11-01,2026-05-30,900,160,144000
7,2025-12-01,39,SAP Consultant,Offshore,Offshore,6,6,9.0,100,2025-11-01,2026-05-30,1100,960,1056000
7,2025-12-01,18,Solution Architect,Onsite,Onsite,1,1,9.0,100,2025-11-01,2026-05-30,1300,160,208000
8,2025-12-01,7,Automation Tester,Offshore,Offshore,1,1,6.0,100,2025-11-01,2026-05-30,800,160,128000
8,2025-12-01,2,BA,Onsite,Onsite,1,1,7.0,100,2025-11-01,2026-05-30,1000,160,160000
8,2025-12-01,36,DevOps Engineer,Offshore,Offshore,1,1,7.0,100,2025-11-01,2026-05-30,950,160,152000
8,2025-12-01,6,Manual Tester,Offshore,Offshore,1,1,6.0,100,2025-11-01,2026-05-30,750,160,120000
8,2025-12-01,1,PM,Onsite,Onsite,1,1,9.0,100,2025-11-01,2026-05-30,1200,160,192000
8,2025-12-01,26,Python Developer,Offshore,Offshore,10,10,5.5,100,2025-11-01,2026-05-30,1000,1600,1600000
8,2025-12-01,34,QA Lead,Onsite,Onsite,1,1,6.0,100,2025-11-01,2026-05-30,900,160,144000
8,2025-12-01,18,Solution Architect,Onsite,Onsite,1,1,9.0,100,2025-11-01,2026-05-30,1300,160,208000
9,2025-12-01,7,Automation Tester,Offshore,Offshore,1,1,6.0,100,2025-11-01,2026-05-30,800,160,128000
9,2025-12-01,2,BA,Onsite,Onsite,1,1,7.0,100,2025-11-01,2026-05-30,1000,160,160000
9,2025-12-01,36,DevOps Engineer,Offshore,Offshore,1,1,7.0,100,2025-11-01,2026-05-30,950,160,152000
9,2025-12-01,6,Manual Tester,Offshore,Offshore,1,1,6.0,100,2025-11-01,2026-05-30,750,160,120000
9,2025-12-01,1,PM,Onsite,Onsite,1,1,9.0,100,2025-11-01,2026-05-30,1200,160,192000
9,2025-12-01,26,Python Developer,Offshore,Offshore,9,9,5.5,100,2025-11-01,2026-05-30,1000,1440,1440000
9,2025-12-01,34,QA Lead,Onsite,Onsite,1,1,6.0,100,2025-11-01,2026-05-30,900,160,144000
9,2025-12-01,29,React Developer,Offshore,Offshore,9,9,5.5,100,2025-11-01,2026-05-30,950,1440,1368000
9,2025-12-01,27,React Lead,Onsite,Onsite,1,1,9.0,100,2025-11-01,2026-05-30,1050,160,168000
9,2025-12-01,18,Solution Architect,Onsite,Onsite,1,1,9.0,100,2025-11-01,2026-05-30,1300,160,208000
10,2025-12-01,7,Automation Tester,Offshore,Offshore,1,1,6.0,100,2025-11-01,2026-05-30,800,160,128000
10,2025-12-01,2,BA,Onsite,Onsite,1,1,7.0,100,2025-11-01,2026-05-30,1000,160,160000
10,2025-12-01,36,DevOps Engineer,Offshore,Offshore,1,1,7.0,100,2025-11-01,2026-05-30,950,160,152000
10,2025-12-01,23,Java Developer,Offshore,Offshore,11,11,5.5,100,2025-11-01,2026-05-30,1000,1760,1760000
10,2025-12-01,21,Java Lead,Onsite,Onsite,1,1,9.0,100,2025-11-01,2026-05-30,1100,160,176000
10,2025-12-01,6,Manual Tester,Offshore,Offshore,1,1,6.0,100,2025-11-01,2026-05-30,750,160,120000
10,2025-12-01,1,PM,Onsite,Onsite,1,1,9.0,100,2025-11-01,2026-05-30,1200,160,192000
10,2025-12-01,26,Python Developer,Offshore,Offshore,1,1,5.5,100,2025-11-01,2026-05-30,1000,160,160000
10,2025-12-01,34,QA Lead,Onsite,Onsite,1,1,6.0,100,2025-11-01,2026-05-30,900,160,144000
10,2025-12-01,18,Solution Architect,Onsite,Onsite,1,1,9.0,100,2025-11-01,2026-05-30,1300,160,208000
11,2025-12-01,7,Automation Tester,Onsite,Onsite,1,1,6.0,100,2025-11-01,2026-05-30,800,160,128000
11,2025-12-01,2,BA,Onsite,Onsite,1,1,7.0,100,2025-11-01,2026-05-30,1000,160,160000
11,2025-12-01,6,Manual Tester,Onsite,Onsite,1,1,6.0,100,2025-11-01,2026-05-30,750,160,120000
11,2025-12-01,1,PM,Onsite,Onsite,1,1,9.0,100,2025-11-01,2026-05-30,1200,160,192000
11,2025-12-01,34,QA Lead,Onsite,Onsite,1,1,6.0,100,2025-11-01,2026-05-30,900,160,144000
11,2025-12-01,39,SAP Consultant,Onsite,Onsite,3,3,9.0,100,2025-11-01,2026-05-30,1100,480,528000
12,2025-12-01,7,Automation Tester,Offshore,Offshore,1,1,6.0,100,2025-11-01,2026-05-30,800,160,128000
12,2025-12-01,2,BA,Onsite,Onsite,1,1,7.0,100,2025-11-01,2026-05-30,1000,160,160000
12,2025-12-01,36,DevOps Engineer,Offshore,Offshore,1,1,7.0,100,2025-11-01,2026-05-30,950,160,152000
12,2025-12-01,6,Manual Tester,Offshore,Offshore,1,1,6.0,100,2025-11-01,2026-05-30,750,160,120000
12,2025-12-01,1,PM,Onsite,Onsite,1,1,9.0,100,2025-11-01,2026-05-30,1200,160,192000
12,2025-12-01,26,Python Developer,Offshore,Offshore,6,6,5.5,100,2025-11-01,2026-05-30,1000,960,960000
12,2025-12-01,25,Python Lead,Onsite,Onsite,1,1,9.0,100,2025-11-01,2026-05-30,1100,160,176000
12,2025-12-01,34,QA Lead,Onsite,Onsite,1,1,6.0,100,2025-11-01,2026-05-30,900,160,144000
12,2025-12-01,18,Solution Architect,Onsite,Onsite,1,1,9.0,100,2025-11-01,2026-05-30,1300,160,208000
13,2025-12-01,2,BA,Onsite,Onsite,1,1,7.0,100,2025-11-01,2026-05-30,1000,160,160000
13,2025-12-01,6,Manual Tester,Onsite,Onsite,1,1,6.0,100,2025-11-01,2026-05-30,750,160,120000
13,2025-12-01,1,PM,Onsite,Onsite,1,1,9.0,100,2025-11-01,2026-05-30,1200,160,192000
13,2025-12-01,26,Python Developer,Onsite,Onsite,2,2,5.5,100,2025-11-01,2026-05-30,1000,320,320000
13,2025-12-01,34,QA Lead,Onsite,Onsite,1,1,6.0,100,2025-11-01,2026-05-30,900,160,144000
14,2025-12-01,2,BA,Onsite,Onsite,1,1,7.0,100,2025-11-01,2026-05-30,1000,160,160000
14,2025-12-01,6,Manual Tester,Onsite,Onsite,1,1,6.0,100,2025-11-01,2026-05-30,750,160,120000
14,2025-12-01,1,PM,Onsite,Onsite,1,1,9.0,100,2025-11-01,2026-05-30,1200,160,192000
14,2025-12-01,26,Python Developer,Onsite,Onsite,2,2,5.5,100,2025-11-01,2026-05-30,1000,320,320000
14,2025-12-01,34,QA Lead,Onsite,Onsite,1,1,6.0,100,2025-11-01,2026-05-30,900,160,144000
15,2025-12-01,7,Automation Tester,Offshore,Offshore,1,1,6.0,100,2025-11-01,2026-05-30,800,160,128000
15,2025-12-01,2,BA,Onsite,Onsite,1,1,7.0,100,2025-11-01,2026-05-30,1000,160,160000
15,2025-12-01,36,DevOps Engineer,Offshore,Offshore,1,1,7.0,100,2025-11-01,2026-05-30,950,160,152000
15,2025-12-01,6,Manual Tester,Offshore,Offshore,1,1,6.0,100,2025-11-01,2026-05-30,750,160,120000
15,2025-12-01,1,PM,Onsite,Onsite,1,1,9.0,100,2025-11-01,2026-05-30,1200,160,192000
15,2025-12-01,26,Python Developer,Offshore,Offshore,9,9,5.5,100,2025-11-01,2026-05-30,1000,1440,1440000
15,2025-12-01,25,Python Lead,Onsite,Onsite,1,1,9.0,100,2025-11-01,2026-05-30,1100,160,176000
15,2025-12-01,34,QA Lead,Onsite,Onsite,1,1,6.0,100,2025-11-01,2026-05-30,900,160,144000
15,2025-12-01,18,Solution Architect,Onsite,Onsite,1,1,9.0,100,2025-11-01,2026-05-30,1300,160,208000
16,2025-12-01,7,Automation Tester,Offshore,Offshore,1,1,6.0,100,2025-11-01,2026-05-30,800,160,128000
16,2025-12-01,2,BA,Onsite,Onsite,1,1,7.0,100,2025-11-01,2026-05-30,1000,160,160000
16,2025-12-01,36,DevOps Engineer,Offshore,Offshore,1,1,7.0,100,2025-11-01,2026-05-30,950,160,152000
16,2025-12-01,6,Manual Tester,Offshore,Offshore,1,1,6.0,100,2025-11-01,2026-05-30,750,160,120000
16,2025-12-01,1,PM,Onsite,Onsite,1,1,9.0,100,2025-11-01,2026-05-30,1200,160,192000
16,2025-12-01,26,Python Developer,Offshore,Offshore,5,5,5.5,100,2025-11-01,2026-05-30,1000,800,800000
16,2025-12-01,34,QA Lead,Onsite,Onsite,1,1,6.0,100,2025-11-01,2026-05-30,900,160,144000
16,2025-12-01,29,React Developer,Offshore,Offshore,5,5,5.5,100,2025-11-01,2026-05-30,950,800,760000
16,2025-12-01,27,React Lead,Onsite,Onsite,1,1,9.0,100,2025-11-01,2026-05-30,1050,160,168000
16,2025-12-01,18,Solution Architect,Onsite,Onsite,1,1,9.0,100,2025-11-01,2026-05-30,1300,160,208000
17,2025-12-01,7,Automation Tester,Offshore,Offshore,1,1,6.0,100,2025-11-01,2026-05-30,800,160,128000
17,2025-12-01,2,BA,Onsite,Onsite,1,1,7.0,100,2025-11-01,2026-05-30,1000,160,160000
17,2025-12-01,36,DevOps Engineer,Offshore,Offshore,1,1,7.0,100,2025-11-01,2026-05-30,950,160,152000
17,2025-12-01,6,Manual Tester,Offshore,Offshore,1,1,6.0,100,2025-11-01,2026-05-30,750,160,120000
17,2025-12-01,1,PM,Onsite,Onsite,1,1,9.0,100,2025-11-01,2026-05-30,1200,160,192000
17,2025-12-01,26,Python Developer,Offshore,Offshore,1,1,5.5,100,2025-11-01,2026-05-30,1000,160,160000
17,2025-12-01,34,QA Lead,Onsite,Onsite,1,1,6.0,100,2025-11-01,2026-05-30,900,160,144000
17,2025-12-01,39,SAP Consultant,Offshore,Offshore,10,10,9.0,100,2025-11-01,2026-05-30,1100,1600,1760000
17,2025-12-01,18,Solution Architect,Onsite,Onsite,1,1,9.0,100,2025-11-01,2026-05-30,1300,160,208000
18,2025-12-01,7,Automation Tester,Offshore,Offshore,1,1,6.0,100,2025-11-01,2026-05-30,800,160,128000
18,2025-12-01,2,BA,Onsite,Onsite,1,1,7.0,100,2025-11-01,2026-05-30,1000,160,160000
18,2025-12-01,36,DevOps Engineer,Offshore,Offshore,1,1,7.0,100,2025-11-01,2026-05-30,950,160,152000
18,2025-12-01,23,Java Developer,Offshore,Offshore,4,4,5.5,100,2025-11-01,2026-05-30,1000,640,640000
18,2025-12-01,6,Manual Tester,Offshore,Offshore,1,1,6.0,100,2025-11-01,2026-05-30,750,160,120000
18,2025-12-01,1,PM,Onsite,Onsite,1,1,9.0,100,2025-11-01,2026-05-30,1200,160,192000
18,2025-12-01,34,QA Lead,Onsite,Onsite,1,1,6.0,100,2025-11-01,2026-05-30,900,160,144000
19,2025-12-01,7,Automation Tester,Offshore,Offshore,1,1,6.0,100,2025-11-01,2026-05-30,800,160,128000
19,2025-12-01,2,BA,Onsite,Onsite,1,1,7.0,100,2025-11-01,2026-05-30,1000,160,160000
19,2025-12-01,36,DevOps Engineer,Offshore,Offshore,1,1,7.0,100,2025-11-01,2026-05-30,950,160,152000
19,2025-12-01,6,Manual Tester,Offshore,Offshore,1,1,6.0,100,2025-11-01,2026-05-30,750,160,120000
19,2025-12-01,1,PM,Onsite,Onsite,1,1,9.0,100,2025-11-01,2026-05-30,1200,160,192000
19,2025-12-01,26,Python Developer,Offshore,Offshore,4,4,5.5,100,2025-11-01,2026-05-30,1000,640,640000
19,2025-12-01,34,QA Lead,Onsite,Onsite,1,1,6.0,100,2025-11-01,2026-05-30,900,160,144000
19,2025-12-01,29,React Developer,Offshore,Offshore,4,4,5.5,100,2025-11-01,2026-05-30,950,640,608000
20,2025-12-01,7,Automation Tester,Offshore,Offshore,1,1,6.0,100,2025-11-01,2026-05-30,800,160,128000
20,2025-12-01,2,BA,Onsite,Onsite,1,1,7.0,100,2025-11-01,2026-05-30,1000,160,160000
20,2025-12-01,36,DevOps Engineer,Offshore,Offshore,1,1,7.0,100,2025-11-01,2026-05-30,950,160,152000
20,2025-12-01,6,Manual Tester,Offshore,Offshore,1,1,6.0,100,2025-11-01,2026-05-30,750,160,120000
20,2025-12-01,1,PM,Onsite,Onsite,1,1,9.0,100,2025-11-01,2026-05-30,1200,160,192000
20,2025-12-01,26,Python Developer,Offshore,Offshore,8,8,5.5,100,2025-11-01,2026-05-30,1000,1280,1280000
20,2025-12-01,34,QA Lead,Onsite,Onsite,1,1,6.0,100,2025-11-01,2026-05-30,900,160,144000
20,2025-12-01,29,React Developer,Offshore,Offshore,8,8,5.5,100,2025-11-01,2026-05-30,950,1280,1216000
20,2025-12-01,27,React Lead,Onsite,Onsite,1,1,9.0,100,2025-11-01,2026-05-30,1050,160,168000
20,2025-12-01,18,Solution Architect,Onsite,Onsite,1,1,9.0,100,2025-11-01,2026-05-30,1300,160,208000
21,2025-12-01,7,Automation Tester,Offshore,Offshore,1,1,6.0,100,2025-11-01,2026-05-30,800,160,128000
21,2025-12-01,2,BA,Onsite,Onsite,1,1,7.0,100,2025-11-01,2026-05-30,1000,160,160000
21,2025-12-01,36,DevOps Engineer,Offshore,Offshore,1,1,7.0,100,2025-11-01,2026-05-30,950,160,152000
21,2025-12-01,6,Manual Tester,Offshore,Offshore,1,1,6.0,100,2025-11-01,2026-05-30,750,160,120000
21,2025-12-01,1,PM,Onsite,Onsite,1,1,9.0,100,2025-11-01,2026-05-30,1200,160,192000
21,2025-12-01,34,QA Lead,Onsite,Onsite,1,1,6.0,100,2025-11-01,2026-05-30,900,160,144000
21,2025-12-01,39,SAP Consultant,Offshore,Offshore,4,4,9.0,100,2025-11-01,2026-05-30,1100,640,704000
21,2025-12-01,18,Solution Architect,Onsite,Onsite,1,1,9.0,100,2025-11-01,2026-05-30,1300,160,208000
22,2025-12-01,7,Automation Tester,Offshore,Offshore,1,1,6.0,100,2025-11-01,2026-05-30,800,160,128000
22,2025-12-01,2,BA,Onsite,Onsite,1,1,7.0,100,2025-11-01,2026-05-30,1000,160,160000
22,2025-12-01,36,DevOps Engineer,Offshore,Offshore,1,1,7.0,100,2025-11-01,2026-05-30,950,160,152000
22,2025-12-01,6,Manual Tester,Offshore,Offshore,1,1,6.0,100,2025-11-01,2026-05-30,750,160,120000
22,2025-12-01,1,PM,Onsite,Onsite,1,1,9.0,100,2025-11-01,2026-05-30,1200,160,192000
22,2025-12-01,26,Python Developer,Offshore,Offshore,10,10,5.5,100,2025-11-01,2026-05-30,1000,1600,1600000
22,2025-12-01,34,QA Lead,Onsite,Onsite,1,1,6.0,100,2025-11-01,2026-05-30,900,160,144000
22,2025-12-01,18,Solution Architect,Onsite,Onsite,1,1,9.0,100,2025-11-01,2026-05-30,1300,160,208000
23,2025-12-01,7,Automation Tester,Offshore,Offshore,1,1,6.0,100,2025-11-01,2026-05-30,800,160,128000
23,2025-12-01,2,BA,Onsite,Onsite,1,1,7.0,100,2025-11-01,2026-05-30,1000,160,160000
23,2025-12-01,36,DevOps Engineer,Offshore,Offshore,1,1,7.0,100,2025-11-01,2026-05-30,950,160,152000
23,2025-12-01,23,Java Developer,Offshore,Offshore,11,11,5.5,100,2025-11-01,2026-05-30,1000,1760,1760000
23,2025-12-01,21,Java Lead,Onsite,Onsite,1,1,9.0,100,2025-11-01,2026-05-30,1100,160,176000
23,2025-12-01,6,Manual Tester,Offshore,Offshore,1,1,6.0,100,2025-11-01,2026-05-30,750,160,120000
23,2025-12-01,1,PM,Onsite,Onsite,1,1,9.0,100,2025-11-01,2026-05-30,1200,160,192000
23,2025-12-01,34,QA Lead,Onsite,Onsite,1,1,6.0,100,2025-11-01,2026-05-30,900,160,144000
23,2025-12-01,18,Solution Architect,Onsite,Onsite,1,1,9.0,100,2025-11-01,2026-05-30,1300,160,208000
24,2025-12-01,7,Automation Tester,Offshore,Offshore,1,1,6.0,100,2025-11-01,2026-05-30,800,160,128000
24,2025-12-01,2,BA,Onsite,Onsite,1,1,7.0,100,2025-11-01,2026-05-30,1000,160,160000
24,2025-12-01,36,DevOps Engineer,Offshore,Offshore,1,1,7.0,100,2025-11-01,2026-05-30,950,160,152000
24,2025-12-01,6,Manual Tester,Offshore,Offshore,1,1,6.0,100,2025-11-01,2026-05-30,750,160,120000
24,2025-12-01,1,PM,Onsite,Onsite,1,1,9.0,100,2025-11-01,2026-05-30,1200,160,192000
24,2025-12-01,26,Python Developer,Offshore,Offshore,11,11,5.5,100,2025-11-01,2026-05-30,1000,1760,1760000
24,2025-12-01,25,Python Lead,Onsite,Onsite,1,1,9.0,100,2025-11-01,2026-05-30,1100,160,176000
24,2025-12-01,34,QA Lead,Onsite,Onsite,1,1,6.0,100,2025-11-01,2026-05-30,900,160,144000
24,2025-12-01,18,Solution Architect,Onsite,Onsite,1,1,9.0,100,2025-11-01,2026-05-30,1300,160,208000
25,2025-12-01,7,Automation Tester,Offshore,Offshore,1,1,6.0,100,2025-11-01,2026-05-30,800,160,128000
25,2025-12-01,2,BA,Onsite,Onsite,1,1,7.0,100,2025-11-01,2026-05-30,1000,160,160000
25,2025-12-01,36,DevOps Engineer,Offshore,Offshore,1,1,7.0,100,2025-11-01,2026-05-30,950,160,152000
25,2025-12-01,6,Manual Tester,Offshore,Offshore,1,1,6.0,100,2025-11-01,2026-05-30,750,160,120000
25,2025-12-01,1,PM,Onsite,Onsite,1,1,9.0,100,2025-11-01,2026-05-30,1200,160,192000
25,2025-12-01,26,Python Developer,Offshore,Offshore,5,5,5.5,100,2025-11-01,2026-05-30,1000,800,800000
25,2025-12-01,34,QA Lead,Onsite,Onsite,1,1,6.0,100,2025-11-01,2026-05-30,900,160,144000
25,2025-12-01,29,React Developer,Offshore,Offshore,5,5,5.5,100,2025-11-01,2026-05-30,950,800,760000
25,2025-12-01,27,React Lead,Onsite,Onsite,1,1,9.0,100,2025-11-01,2026-05-30,1050,160,168000
25,2025-12-01,18,Solution Architect,Onsite,Onsite,1,1,9.0,100,2025-11-01,2026-05-30,1300,160,208000
26,2025-12-01,7,Automation Tester,Offshore,Offshore,1,1,6.0,100,2025-11-01,2026-05-30,800,160,128000
26,2025-12-01,2,BA,Onsite,Onsite,1,1,7.0,100,2025-11-01,2026-05-30,1000,160,160000
26,2025-12-01,36,DevOps Engineer,Offshore,Offshore,1,1,7.0,100,2025-11-01,2026-05-30,950,160,152000
26,2025-12-01,6,Manual Tester,Offshore,Offshore,1,1,6.0,100,2025-11-01,2026-05-30,750,160,120000
26,2025-12-01,1,PM,Onsite,Onsite,1,1,9.0,100,2025-11-01,2026-05-30,1200,160,192000
26,2025-12-01,26,Python Developer,Offshore,Offshore,9,9,5.5,100,2025-11-01,2026-05-30,1000,1440,1440000
26,2025-12-01,34,QA Lead,Onsite,Onsite,1,1,6.0,100,2025-11-01,2026-05-30,900,160,144000
26,2025-12-01,18,Solution Architect,Onsite,Onsite,1,1,9.0,100,2025-11-01,2026-05-30,1300,160,208000
27,2025-12-01,7,Automation Tester,Offshore,Offshore,1,1,6.0,100,2025-11-01,2026-05-30,800,160,128000
27,2025-12-01,2,BA,Onsite,Onsite,1,1,7.0,100,2025-11-01,2026-05-30,1000,160,160000
27,2025-12-01,36,DevOps Engineer,Offshore,Offshore,1,1,7.0,100,2025-11-01,2026-05-30,950,160,152000
27,2025-12-01,6,Manual Tester,Offshore,Offshore,1,1,6.0,100,2025-11-01,2026-05-30,750,160,120000
27,2025-12-01,1,PM,Onsite,Onsite,1,1,9.0,100,2025-11-01,2026-05-30,1200,160,192000
27,2025-12-01,26,Python Developer,Offshore,Offshore,9,9,5.5,100,2025-11-01,2026-05-30,1000,1440,1440000
27,2025-12-01,34,QA Lead,Onsite,Onsite,1,1,6.0,100,2025-11-01,2026-05-30,900,160,144000
27,2025-12-01,18,Solution Architect,Onsite,Onsite,1,1,9.0,100,2025-11-01,2026-05-30,1300,160,208000
28,2025-12-01,7,Automation Tester,Offshore,Offshore,1,1,6.0,100,2025-11-01,2026-05-30,800,160,128000
28,2025-12-01,2,BA,Onsite,Onsite,1,1,7.0,100,2025-11-01,2026-05-30,1000,160,160000
28,2025-12-01,36,DevOps Engineer,Offshore,Offshore,1,1,7.0,100,2025-11-01,2026-05-30,950,160,152000
28,2025-12-01,6,Manual Tester,Offshore,Offshore,1,1,6.0,100,2025-11-01,2026-05-30,750,160,120000
28,2025-12-01,1,PM,Onsite,Onsite,1,1,9.0,100,2025-11-01,2026-05-30,1200,160,192000
28,2025-12-01,26,Python Developer,Offshore,Offshore,5,5,5.5,100,2025-11-01,2026-05-30,1000,800,800000
28,2025-12-01,34,QA Lead,Onsite,Onsite,1,1,6.0,100,2025-11-01,2026-05-30,900,160,144000
28,2025-12-01,18,Solution Architect,Onsite,Onsite,1,1,9.0,100,2025-11-01,2026-05-30,1300,160,208000
29,2025-12-01,7,Automation Tester,Offshore,Offshore,1,1,6.0,100,2025-11-01,2026-05-30,800,160,128000
29,2025-12-01,2,BA,Onsite,Onsite,1,1,7.0,100,2025-11-01,2026-05-30,1000,160,160000
29,2025-12-01,36,DevOps Engineer,Offshore,Offshore,1,1,7.0,100,2025-11-01,2026-05-30,950,160,152000
29,2025-12-01,6,Manual Tester,Offshore,Offshore,1,1,6.0,100,2025-11-01,2026-05-30,750,160,120000
29,2025-12-01,1,PM,Onsite,Onsite,1,1,9.0,100,2025-11-01,2026-05-30,1200,160,192000
29,2025-12-01,34,QA Lead,Onsite,Onsite,1,1,6.0,100,2025-11-01,2026-05-30,900,160,144000
29,2025-12-01,39,SAP Consultant,Offshore,Offshore,4,4,9.0,100,2025-11-01,2026-05-30,1100,640,704000
29,2025-12-01,18,Solution Architect,Onsite,Onsite,1,1,9.0,100,2025-11-01,2026-05-30,1300,160,208000
30,2025-12-01,2,BA,Onsite,Onsite,1,1,7.0,100,2025-11-01,2026-05-30,1000,160,160000
30,2025-12-01,6,Manual Tester,Onsite,Onsite,1,1,6.0,100,2025-11-01,2026-05-30,750,160,120000
30,2025-12-01,1,PM,Onsite,Onsite,1,1,9.0,100,2025-11-01,2026-05-30,1200,160,192000
30,2025-12-01,26,Python Developer,Onsite,Onsite,2,2,5.5,100,2025-11-01,2026-05-30,1000,320,320000
30,2025-12-01,34,QA Lead,Onsite,Onsite,1,1,6.0,100,2025-11-01,2026-05-30,900,160,144000
31,2025-12-01,7,Automation Tester,Onsite,Onsite,1,1,6.0,100,2025-11-01,2026-05-30,800,160,128000
31,2025-12-01,2,BA,Onsite,Onsite,1,1,7.0,100,2025-11-01,2026-05-30,1000,160,160000
31,2025-12-01,23,Java Developer,Onsite,Onsite,3,3,5.5,100,2025-11-01,2026-05-30,1000,480,480000
31,2025-12-01,6,Manual Tester,Onsite,Onsite,1,1,6.0,100,2025-11-01,2026-05-30,750,160,120000
31,2025-12-01,1,PM,Onsite,Onsite,1,1,9.0,100,2025-11-01,2026-05-30,1200,160,192000
31,2025-12-01,34,QA Lead,Onsite,Onsite,1,1,6.0,100,2025-11-01,2026-05-30,900,160,144000
32,2025-12-01,2,BA,Onsite,Onsite,1,1,7.0,100,2025-11-01,2026-05-30,1000,160,160000
32,2025-12-01,6,Manual Tester,Onsite,Onsite,1,1,6.0,100,2025-11-01,2026-05-30,750,160,120000
32,2025-12-01,1,PM,Onsite,Onsite,1,1,9.0,100,2025-11-01,2026-05-30,1200,160,192000
32,2025-12-01,26,Python Developer,Onsite,Onsite,2,2,5.5,100,2025-11-01,2026-05-30,1000,320,320000
32,2025-12-01,34,QA Lead,Onsite,Onsite,1,1,6.0,100,2025-11-01,2026-05-30,900,160,144000
33,2025-12-01,7,Automation Tester,Onsite,Onsite,1,1,6.0,100,2025-11-01,2026-05-30,800,160,128000
33,2025-12-01,2,BA,Onsite,Onsite,1,1,7.0,100,2025-11-01,2026-05-30,1000,160,160000
33,2025-12-01,36,DevOps Engineer,Onsite,Onsite,1,1,7.0,100,2025-11-01,2026-05-30,950,160,152000
33,2025-12-01,23,Java Developer,Onsite,Onsite,4,4,5.5,100,2025-11-01,2026-05-30,1000,640,640000
33,2025-12-01,6,Manual Tester,Onsite,Onsite,1,1,6.0,100,2025-11-01,2026-05-30,750,160,120000
33,2025-12-01,1,PM,Onsite,Onsite,1,1,9.0,100,2025-11-01,2026-05-30,1200,160,192000
33,2025-12-01,34,QA Lead,Onsite,Onsite,1,1,6.0,100,2025-11-01,2026-05-30,900,160,144000
34,2025-12-01,7,Automation Tester,Offshore,Offshore,1,1,6.0,100,2025-11-01,2026-05-30,800,160,128000
34,2025-12-01,2,BA,Onsite,Onsite,1,1,7.0,100,2025-11-01,2026-05-30,1000,160,160000
34,2025-12-01,36,DevOps Engineer,Offshore,Offshore,1,1,7.0,100,2025-11-01,2026-05-30,950,160,152000
34,2025-12-01,6,Manual Tester,Offshore,Offshore,1,1,6.0,100,2025-11-01,2026-05-30,750,160,120000
34,2025-12-01,1,PM,Onsite,Onsite,1,1,9.0,100,2025-11-01,2026-05-30,1200,160,192000
34,2025-12-01,26,Python Developer,Offshore,Offshore,8,8,5.5,100,2025-11-01,2026-05-30,1000,1280,1280000
34,2025-12-01,25,Python Lead,Onsite,Onsite,1,1,9.0,100,2025-11-01,2026-05-30,1100,160,176000
34,2025-12-01,34,QA Lead,Onsite,Onsite,1,1,6.0,100,2025-11-01,2026-05-30,900,160,144000
34,2025-12-01,18,Solution Architect,Onsite,Onsite,1,1,9.0,100,2025-11-01,2026-05-30,1300,160,208000
35,2025-12-01,7,Automation Tester,Onsite,Onsite,1,1,6.0,100,2025-11-01,2026-05-30,800,160,128000
35,2025-12-01,2,BA,Onsite,Onsite,1,1,7.0,100,2025-11-01,2026-05-30,1000,160,160000
35,2025-12-01,6,Manual Tester,Onsite,Onsite,1,1,6.0,100,2025-11-01,2026-05-30,750,160,120000
35,2025-12-01,1,PM,Onsite,Onsite,1,1,9.0,100,2025-11-01,2026-05-30,1200,160,192000
35,2025-12-01,26,Python Developer,Onsite,Onsite,3,3,5.5,100,2025-11-01,2026-05-30,1000,480,480000
35,2025-12-01,34,QA Lead,Onsite,Onsite,1,1,6.0,100,2025-11-01,2026-05-30,900,160,144000
36,2025-12-01,7,Automation Tester,Offshore,Offshore,1,1,6.0,100,2025-11-01,2026-05-30,800,160,128000
36,2025-12-01,2,BA,Onsite,Onsite,1,1,7.0,100,2025-11-01,2026-05-30,1000,160,160000
36,2025-12-01,36,DevOps Engineer,Offshore,Offshore,1,1,7.0,100,2025-11-01,2026-05-30,950,160,152000
36,2025-12-01,23,Java Developer,Offshore,Offshore,8,8,5.5,100,2025-11-01,2026-05-30,1000,1280,1280000
36,2025-12-01,21,Java Lead,Onsite,Onsite,1,1,9.0,100,2025-11-01,2026-05-30,1100,160,176000
36,2025-12-01,6,Manual Tester,Offshore,Offshore,1,1,6.0,100,2025-11-01,2026-05-30,750,160,120000
36,2025-12-01,1,PM,Onsite,Onsite,1,1,9.0,100,2025-11-01,2026-05-30,1200,160,192000
36,2025-12-01,34,QA Lead,Onsite,Onsite,1,1,6.0,100,2025-11-01,2026-05-30,900,160,144000
36,2025-12-01,18,Solution Architect,Onsite,Onsite,1,1,9.0,100,2025-11-01,2026-05-30,1300,160,208000
37,2025-12-01,7,Automation Tester,Offshore,Offshore,1,1,6.0,100,2025-11-01,2026-05-30,800,160,128000
37,2025-12-01,2,BA,Onsite,Onsite,1,1,7.0,100,2025-11-01,2026-05-30,1000,160,160000
37,2025-12-01,36,DevOps Engineer,Offshore,Offshore,1,1,7.0,100,2025-11-01,2026-05-30,950,160,152000
37,2025-12-01,6,Manual Tester,Offshore,Offshore,1,1,6.0,100,2025-11-01,2026-05-30,750,160,120000
37,2025-12-01,1,PM,Onsite,Onsite,1,1,9.0,100,2025-11-01,2026-05-30,1200,160,192000
37,2025-12-01,26,Python Developer,Offshore,Offshore,5,5,5.5,100,2025-11-01,2026-05-30,1000,800,800000
37,2025-12-01,34,QA Lead,Onsite,Onsite,1,1,6.0,100,2025-11-01,2026-05-30,900,160,144000
37,2025-12-01,18,Solution Architect,Onsite,Onsite,1,1,9.0,100,2025-11-01,2026-05-30,1300,160,208000
38,2025-12-01,7,Automation Tester,Offshore,Offshore,1,1,6.0,100,2025-11-01,2026-05-30,800,160,128000
38,2025-12-01,2,BA,Onsite,Onsite,1,1,7.0,100,2025-11-01,2026-05-30,1000,160,160000
38,2025-12-01,36,DevOps Engineer,Offshore,Offshore,1,1,7.0,100,2025-11-01,2026-05-30,950,160,152000
38,2025-12-01,23,Java Developer,Offshore,Offshore,6,6,5.5,100,2025-11-01,2026-05-30,1000,960,960000
38,2025-12-01,21,Java Lead,Onsite,Onsite,1,1,9.0,100,2025-11-01,2026-05-30,1100,160,176000
38,2025-12-01,6,Manual Tester,Offshore,Offshore,1,1,6.0,100,2025-11-01,2026-05-30,750,160,120000
38,2025-12-01,1,PM,Onsite,Onsite,1,1,9.0,100,2025-11-01,2026-05-30,1200,160,192000
38,2025-12-01,34,QA Lead,Onsite,Onsite,1,1,6.0,100,2025-11-01,2026-05-30,900,160,144000
38,2025-12-01,18,Solution Architect,Onsite,Onsite,1,1,9.0,100,2025-11-01,2026-05-30,1300,160,208000
39,2025-12-01,7,Automation Tester,Offshore,Offshore,1,1,6.0,100,2025-11-01,2026-05-30,800,160,128000
39,2025-12-01,2,BA,Onsite,Onsite,1,1,7.0,100,2025-11-01,2026-05-30,1000,160,160000
39,2025-12-01,36,DevOps Engineer,Offshore,Offshore,1,1,7.0,100,2025-11-01,2026-05-30,950,160,152000
39,2025-12-01,6,Manual Tester,Offshore,Offshore,1,1,6.0,100,2025-11-01,2026-05-30,750,160,120000
39,2025-12-01,1,PM,Onsite,Onsite,1,1,9.0,100,2025-11-01,2026-05-30,1200,160,192000
39,2025-12-01,26,Python Developer,Offshore,Offshore,5,5,5.5,100,2025-11-01,2026-05-30,1000,800,800000
39,2025-12-01,34,QA Lead,Onsite,Onsite,1,1,6.0,100,2025-11-01,2026-05-30,900,160,144000
39,2025-12-01,18,Solution Architect,Onsite,Onsite,1,1,9.0,100,2025-11-01,2026-05-30,1300,160,208000
40,2025-12-01,7,Automation Tester,Offshore,Offshore,1,1,6.0,100,2025-11-01,2026-05-30,800,160,128000
40,2025-12-01,2,BA,Onsite,Onsite,1,1,7.0,100,2025-11-01,2026-05-30,1000,160,160000
40,2025-12-01,36,DevOps Engineer,Offshore,Offshore,1,1,7.0,100,2025-11-01,2026-05-30,950,160,152000
40,2025-12-01,23,Java Developer,Offshore,Offshore,9,9,5.5,100,2025-11-01,2026-05-30,1000,1440,1440000
40,2025-12-01,21,Java Lead,Onsite,Onsite,1,1,9.0,100,2025-11-01,2026-05-30,1100,160,176000
40,2025-12-01,6,Manual Tester,Offshore,Offshore,1,1,6.0,100,2025-11-01,2026-05-30,750,160,120000
40,2025-12-01,1,PM,Onsite,Onsite,1,1,9.0,100,2025-11-01,2026-05-30,1200,160,192000
40,2025-12-01,34,QA Lead,Onsite,Onsite,1,1,6.0,100,2025-11-01,2026-05-30,900,160,144000
40,2025-12-01,18,Solution Architect,Onsite,Onsite,1,1,9.0,100,2025-11-01,2026-05-30,1300,160,208000
41,2025-12-01,7,Automation Tester,Offshore,Offshore,1,1,6.0,100,2025-11-01,2026-05-30,800,160,128000
41,2025-12-01,2,BA,Onsite,Onsite,1,1,7.0,100,2025-11-01,2026-05-30,1000,160,160000
41,2025-12-01,36,DevOps Engineer,Offshore,Offshore,1,1,7.0,100,2025-11-01,2026-05-30,950,160,152000
41,2025-12-01,6,Manual Tester,Offshore,Offshore,1,1,6.0,100,2025-11-01,2026-05-30,750,160,120000
41,2025-12-01,1,PM,Onsite,Onsite,1,1,9.0,100,2025-11-01,2026-05-30,1200,160,192000
41,2025-12-01,26,Python Developer,Offshore,Offshore,6,6,5.5,100,2025-11-01,2026-05-30,1000,960,960000
41,2025-12-01,25,Python Lead,Onsite,Onsite,1,1,9.0,100,2025-11-01,2026-05-30,1100,160,176000
41,2025-12-01,34,QA Lead,Onsite,Onsite,1,1,6.0,100,2025-11-01,2026-05-30,900,160,144000
41,2025-12-01,18,Solution Architect,Onsite,Onsite,1,1,9.0,100,2025-11-01,2026-05-30,1300,160,208000
42,2025-12-01,7,Automation Tester,Offshore,Offshore,1,1,6.0,100,2025-11-01,2026-05-30,800,160,128000
42,2025-12-01,2,BA,Onsite,Onsite,1,1,7.0,100,2025-11-01,2026-05-30,1000,160,160000
42,2025-12-01,36,DevOps Engineer,Offshore,Offshore,1,1,7.0,100,2025-11-01,2026-05-30,950,160,152000
42,2025-12-01,6,Manual Tester,Offshore,Offshore,1,1,6.0,100,2025-11-01,2026-05-30,750,160,120000
42,2025-12-01,1,PM,Onsite,Onsite,1,1,9.0,100,2025-11-01,2026-05-30,1200,160,192000
42,2025-12-01,26,Python Developer,Offshore,Offshore,6,6,5.5,100,2025-11-01,2026-05-30,1000,960,960000
42,2025-12-01,34,QA Lead,Onsite,Onsite,1,1,6.0,100,2025-11-01,2026-05-30,900,160,144000
42,2025-12-01,18,Solution Architect,Onsite,Onsite,1,1,9.0,100,2025-11-01,2026-05-30,1300,160,208000
43,2025-12-01,7,Automation Tester,Offshore,Offshore,1,1,6.0,100,2025-11-01,2026-05-30,800,160,128000
43,2025-12-01,2,BA,Onsite,Onsite,1,1,7.0,100,2025-11-01,2026-05-30,1000,160,160000
43,2025-12-01,36,DevOps Engineer,Offshore,Offshore,1,1,7.0,100,2025-11-01,2026-05-30,950,160,152000
43,2025-12-01,6,Manual Tester,Offshore,Offshore,1,1,6.0,100,2025-11-01,2026-05-30,750,160,120000
43,2025-12-01,1,PM,Onsite,Onsite,1,1,9.0,100,2025-11-01,2026-05-30,1200,160,192000
43,2025-12-01,26,Python Developer,Offshore,Offshore,7,7,5.5,100,2025-11-01,2026-05-30,1000,1120,1120000
43,2025-12-01,34,QA Lead,Onsite,Onsite,1,1,6.0,100,2025-11-01,2026-05-30,900,160,144000
43,2025-12-01,18,Solution Architect,Onsite,Onsite,1,1,9.0,100,2025-11-01,2026-05-30,1300,160,208000
44,2025-12-01,7,Automation Tester,Offshore,Offshore,1,1,6.0,100,2025-11-01,2026-05-30,800,160,128000
44,2025-12-01,2,BA,Onsite,Onsite,1,1,7.0,100,2025-11-01,2026-05-30,1000,160,160000
44,2025-12-01,36,DevOps Engineer,Offshore,Offshore,1,1,7.0,100,2025-11-01,2026-05-30,950,160,152000
44,2025-12-01,6,Manual Tester,Offshore,Offshore,1,1,6.0,100,2025-11-01,2026-05-30,750,160,120000
44,2025-12-01,1,PM,Onsite,Onsite,1,1,9.0,100,2025-11-01,2026-05-30,1200,160,192000
44,2025-12-01,26,Python Developer,Offshore,Offshore,8,8,5.5,100,2025-11-01,2026-05-30,1000,1280,1280000
44,2025-12-01,34,QA Lead,Onsite,Onsite,1,1,6.0,100,2025-11-01,2026-05-30,900,160,144000
44,2025-12-01,18,Solution Architect,Onsite,Onsite,1,1,9.0,100,2025-11-01,2026-05-30,1300,160,208000
45,2025-12-01,7,Automation Tester,Offshore,Offshore,1,1,6.0,100,2025-11-01,2026-05-30,800,160,128000
45,2025-12-01,2,BA,Onsite,Onsite,1,1,7.0,100,2025-11-01,2026-05-30,1000,160,160000
45,2025-12-01,36,DevOps Engineer,Offshore,Offshore,1,1,7.0,100,2025-11-01,2026-05-30,950,160,152000
45,2025-12-01,6,Manual Tester,Offshore,Offshore,1,1,6.0,100,2025-11-01,2026-05-30,750,160,120000
45,2025-12-01,1,PM,Onsite,Onsite,1,1,9.0,100,2025-11-01,2026-05-30,1200,160,192000
45,2025-12-01,26,Python Developer,Offshore,Offshore,7,7,5.5,100,2025-11-01,2026-05-30,1000,1120,1120000
45,2025-12-01,34,QA Lead,Onsite,Onsite,1,1,6.0,100,2025-11-01,2026-05-30,900,160,144000
45,2025-12-01,18,Solution Architect,Onsite,Onsite,1,1,9.0,100,2025-11-01,2026-05-30,1300,160,208000
46,2025-12-01,7,Automation Tester,Offshore,Offshore,1,1,6.0,100,2025-11-01,2026-05-30,800,160,128000
46,2025-12-01,2,BA,Onsite,Onsite,1,1,7.0,100,2025-11-01,2026-05-30,1000,160,160000
46,2025-12-01,36,DevOps Engineer,Offshore,Offshore,1,1,7.0,100,2025-11-01,2026-05-30,950,160,152000
46,2025-12-01,6,Manual Tester,Offshore,Offshore,1,1,6.0,100,2025-11-01,2026-05-30,750,160,120000
46,2025-12-01,1,PM,Onsite,Onsite,1,1,9.0,100,2025-11-01,2026-05-30,1200,160,192000
46,2025-12-01,34,QA Lead,Onsite,Onsite,1,1,6.0,100,2025-11-01,2026-05-30,900,160,144000
46,2025-12-01,39,SAP Consultant,Offshore,Offshore,5,5,9.0,100,2025-11-01,2026-05-30,1100,800,880000
46,2025-12-01,18,Solution Architect,Onsite,Onsite,1,1,9.0,100,2025-11-01,2026-05-30,1300,160,208000
47,2025-12-01,7,Automation Tester,Offshore,Offshore,1,1,6.0,100,2025-11-01,2026-05-30,800,160,128000
47,2025-12-01,2,BA,Onsite,Onsite,1,1,7.0,100,2025-11-01,2026-05-30,1000,160,160000
47,2025-12-01,36,DevOps Engineer,Offshore,Offshore,1,1,7.0,100,2025-11-01,2026-05-30,950,160,152000
47,2025-12-01,6,Manual Tester,Offshore,Offshore,1,1,6.0,100,2025-11-01,2026-05-30,750,160,120000
47,2025-12-01,1,PM,Onsite,Onsite,1,1,9.0,100,2025-11-01,2026-05-30,1200,160,192000
47,2025-12-01,26,Python Developer,Offshore,Offshore,6,6,5.5,100,2025-11-01,2026-05-30,1000,960,960000
47,2025-12-01,34,QA Lead,Onsite,Onsite,1,1,6.0,100,2025-11-01,2026-05-30,900,160,144000
47,2025-12-01,29,React Developer,Offshore,Offshore,6,6,5.5,100,2025-11-01,2026-05-30,950,960,912000
47,2025-12-01,27,React Lead,Onsite,Onsite,1,1,9.0,100,2025-11-01,2026-05-30,1050,160,168000
47,2025-12-01,18,Solution Architect,Onsite,Onsite,1,1,9.0,100,2025-11-01,2026-05-30,1300,160,208000
48,2025-12-01,7,Automation Tester,Offshore,Offshore,1,1,6.0,100,2025-11-01,2026-05-30,800,160,128000
48,2025-12-01,2,BA,Onsite,Onsite,1,1,7.0,100,2025-11-01,2026-05-30,1000,160,160000
48,2025-12-01,36,DevOps Engineer,Offshore,Offshore,1,1,7.0,100,2025-11-01,2026-05-30,950,160,152000
48,2025-12-01,6,Manual Tester,Offshore,Offshore,1,1,6.0,100,2025-11-01,2026-05-30,750,160,120000
48,2025-12-01,1,PM,Onsite,Onsite,1,1,9.0,100,2025-11-01,2026-05-30,1200,160,192000
48,2025-12-01,26,Python Developer,Offshore,Offshore,8,8,5.5,100,2025-11-01,2026-05-30,1000,1280,1280000
48,2025-12-01,34,QA Lead,Onsite,Onsite,1,1,6.0,100,2025-11-01,2026-05-30,900,160,144000
48,2025-12-01,18,Solution Architect,Onsite,Onsite,1,1,9.0,100,2025-11-01,2026-05-30,1300,160,208000
49,2025-12-01,2,BA,Onsite,Onsite,1,1,7.0,100,2025-11-01,2026-05-30,1000,160,160000
49,2025-12-01,6,Manual Tester,Onsite,Onsite,1,1,6.0,100,2025-11-01,2026-05-30,750,160,120000
49,2025-12-01,1,PM,Onsite,Onsite,1,1,9.0,100,2025-11-01,2026-05-30,1200,160,192000
49,2025-12-01,26,Python Developer,Onsite,Onsite,2,2,5.5,100,2025-11-01,2026-05-30,1000,320,320000
49,2025-12-01,34,QA Lead,Onsite,Onsite,1,1,6.0,100,2025-11-01,2026-05-30,900,160,144000
50,2025-12-01,7,Automation Tester,Offshore,Offshore,1,1,6.0,100,2025-11-01,2026-05-30,800,160,128000
50,2025-12-01,2,BA,Onsite,Onsite,1,1,7.0,100,2025-11-01,2026-05-30,1000,160,160000
50,2025-12-01,36,DevOps Engineer,Offshore,Offshore,1,1,7.0,100,2025-11-01,2026-05-30,950,160,152000
50,2025-12-01,23,Java Developer,Offshore,Offshore,8,8,5.5,100,2025-11-01,2026-05-30,1000,1280,1280000
50,2025-12-01,21,Java Lead,Onsite,Onsite,1,1,9.0,100,2025-11-01,2026-05-30,1100,160,176000
50,2025-12-01,6,Manual Tester,Offshore,Offshore,1,1,6.0,100,2025-11-01,2026-05-30,750,160,120000
50,2025-12-01,1,PM,Onsite,Onsite,1,1,9.0,100,2025-11-01,2026-05-30,1200,160,192000
50,2025-12-01,34,QA Lead,Onsite,Onsite,1,1,6.0,100,2025-11-01,2026-05-30,900,160,144000
50,2025-12-01,18,Solution Architect,Onsite,Onsite,1,1,9.0,100,2025-11-01,2026-05-30,1300,160,208000
51,2025-12-01,7,Automation Tester,Offshore,Offshore,1,1,6.0,100,2025-11-01,2026-05-30,800,160,128000
51,2025-12-01,2,BA,Onsite,Onsite,1,1,7.0,100,2025-11-01,2026-05-30,1000,160,160000
51,2025-12-01,36,DevOps Engineer,Offshore,Offshore,1,1,7.0,100,2025-11-01,2026-05-30,950,160,152000
51,2025-12-01,6,Manual Tester,Offshore,Offshore,1,1,6.0,100,2025-11-01,2026-05-30,750,160,120000
51,2025-12-01,1,PM,Onsite,Onsite,1,1,9.0,100,2025-11-01,2026-05-30,1200,160,192000
51,2025-12-01,26,Python Developer,Offshore,Offshore,7,7,5.5,100,2025-11-01,2026-05-30,1000,1120,1120000
51,2025-12-01,34,QA Lead,Onsite,Onsite,1,1,6.0,100,2025-11-01,2026-05-30,900,160,144000
51,2025-12-01,18,Solution Architect,Onsite,Onsite,1,1,9.0,100,2025-11-01,2026-05-30,1300,160,208000
52,2025-12-01,2,BA,Onsite,Onsite,1,1,7.0,100,2025-11-01,2026-05-30,1000,160,160000
52,2025-12-01,6,Manual Tester,Onsite,Onsite,1,1,6.0,100,2025-11-01,2026-05-30,750,160,120000
52,2025-12-01,1,PM,Onsite,Onsite,1,1,9.0,100,2025-11-01,2026-05-30,1200,160,192000
52,2025-12-01,26,Python Developer,Onsite,Onsite,2,2,5.5,100,2025-11-01,2026-05-30,1000,320,320000
52,2025-12-01,34,QA Lead,Onsite,Onsite,1,1,6.0,100,2025-11-01,2026-05-30,900,160,144000
52,2025-12-01,29,React Developer,Onsite,Onsite,2,2,5.5,100,2025-11-01,2026-05-30,950,320,304000
53,2025-12-01,7,Automation Tester,Onsite,Onsite,1,1,6.0,100,2025-11-01,2026-05-30,800,160,128000
53,2025-12-01,2,BA,Onsite,Onsite,1,1,7.0,100,2025-11-01,2026-05-30,1000,160,160000
53,2025-12-01,36,DevOps Engineer,Onsite,Onsite,1,1,7.0,100,2025-11-01,2026-05-30,950,160,152000
53,2025-12-01,6,Manual Tester,Onsite,Onsite,1,1,6.0,100,2025-11-01,2026-05-30,750,160,120000
53,2025-12-01,1,PM,Onsite,Onsite,1,1,9.0,100,2025-11-01,2026-05-30,1200,160,192000
53,2025-12-01,26,Python Developer,Onsite,Onsite,4,4,5.5,100,2025-11-01,2026-05-30,1000,640,640000
53,2025-12-01,34,QA Lead,Onsite,Onsite,1,1,6.0,100,2025-11-01,2026-05-30,900,160,144000
54,2025-12-01,7,Automation Tester,Offshore,Offshore,1,1,6.0,100,2025-11-01,2026-05-30,800,160,128000
54,2025-12-01,2,BA,Onsite,Onsite,1,1,7.0,100,2025-11-01,2026-05-30,1000,160,160000
54,2025-12-01,36,DevOps Engineer,Offshore,Offshore,1,1,7.0,100,2025-11-01,2026-05-30,950,160,152000
54,2025-12-01,6,Manual Tester,Offshore,Offshore,1,1,6.0,100,2025-11-01,2026-05-30,750,160,120000
54,2025-12-01,1,PM,Onsite,Onsite,1,1,9.0,100,2025-11-01,2026-05-30,1200,160,192000
54,2025-12-01,26,Python Developer,Offshore,Offshore,7,7,5.5,100,2025-11-01,2026-05-30,1000,1120,1120000
54,2025-12-01,25,Python Lead,Onsite,Onsite,1,1,9.0,100,2025-11-01,2026-05-30,1100,160,176000
54,2025-12-01,34,QA Lead,Onsite,Onsite,1,1,6.0,100,2025-11-01,2026-05-30,900,160,144000
54,2025-12-01,18,Solution Architect,Onsite,Onsite,1,1,9.0,100,2025-11-01,2026-05-30,1300,160,208000
55,2025-12-01,7,Automation Tester,Offshore,Offshore,1,1,6.0,100,2025-11-01,2026-05-30,800,160,128000
55,2025-12-01,2,BA,Onsite,Onsite,1,1,7.0,100,2025-11-01,2026-05-30,1000,160,160000
55,2025-12-01,36,DevOps Engineer,Offshore,Offshore,1,1,7.0,100,2025-11-01,2026-05-30,950,160,152000
55,2025-12-01,6,Manual Tester,Offshore,Offshore,1,1,6.0,100,2025-11-01,2026-05-30,750,160,120000
55,2025-12-01,1,PM,Onsite,Onsite,1,1,9.0,100,2025-11-01,2026-05-30,1200,160,192000
55,2025-12-01,26,Python Developer,Offshore,Offshore,11,11,5.5,100,2025-11-01,2026-05-30,1000,1760,1760000
55,2025-12-01,34,QA Lead,Onsite,Onsite,1,1,6.0,100,2025-11-01,2026-05-30,900,160,144000
55,2025-12-01,18,Solution Architect,Onsite,Onsite,1,1,9.0,100,2025-11-01,2026-05-30,1300,160,208000
56,2025-12-01,7,Automation Tester,Onsite,Onsite,1,1,6.0,100,2025-11-01,2026-05-30,800,160,128000
56,2025-12-01,2,BA,Onsite,Onsite,1,1,7.0,100,2025-11-01,2026-05-30,1000,160,160000
56,2025-12-01,6,Manual Tester,Onsite,Onsite,1,1,6.0,100,2025-11-01,2026-05-30,750,160,120000
56,2025-12-01,1,PM,Onsite,Onsite,1,1,9.0,100,2025-11-01,2026-05-30,1200,160,192000
56,2025-12-01,26,Python Developer,Onsite,Onsite,3,3,5.5,100,2025-11-01,2026-05-30,1000,480,480000
56,2025-12-01,34,QA Lead,Onsite,Onsite,1,1,6.0,100,2025-11-01,2026-05-30,900,160,144000
56,2025-12-01,29,React Developer,Onsite,Onsite,3,3,5.5,100,2025-11-01,2026-05-30,950,480,456000
57,2025-12-01,7,Automation Tester,Offshore,Offshore,1,1,6.0,100,2025-11-01,2026-05-30,800,160,128000
57,2025-12-01,2,BA,Onsite,Onsite,1,1,7.0,100,2025-11-01,2026-05-30,1000,160,160000
57,2025-12-01,36,DevOps Engineer,Offshore,Offshore,1,1,7.0,100,2025-11-01,2026-05-30,950,160,152000
57,2025-12-01,6,Manual Tester,Offshore,Offshore,1,1,6.0,100,2025-11-01,2026-05-30,750,160,120000
57,2025-12-01,1,PM,Onsite,Onsite,1,1,9.0,100,2025-11-01,2026-05-30,1200,160,192000
57,2025-12-01,26,Python Developer,Offshore,Offshore,7,7,5.5,100,2025-11-01,2026-05-30,1000,1120,1120000
57,2025-12-01,34,QA Lead,Onsite,Onsite,1,1,6.0,100,2025-11-01,2026-05-30,900,160,144000
57,2025-12-01,29,React Developer,Offshore,Offshore,7,7,5.5,100,2025-11-01,2026-05-30,950,1120,1064000
57,2025-12-01,27,React Lead,Onsite,Onsite,1,1,9.0,100,2025-11-01,2026-05-30,1050,160,168000
57,2025-12-01,18,Solution Architect,Onsite,Onsite,1,1,9.0,100,2025-11-01,2026-05-30,1300,160,208000
58,2025-12-01,7,Automation Tester,Offshore,Offshore,1,1,6.0,100,2025-11-01,2026-05-30,800,160,128000
58,2025-12-01,2,BA,Onsite,Onsite,1,1,7.0,100,2025-11-01,2026-05-30,1000,160,160000
58,2025-12-01,36,DevOps Engineer,Offshore,Offshore,1,1,7.0,100,2025-11-01,2026-05-30,950,160,152000
58,2025-12-01,6,Manual Tester,Offshore,Offshore,1,1,6.0,100,2025-11-01,2026-05-30,750,160,120000
58,2025-12-01,1,PM,Onsite,Onsite,1,1,9.0,100,2025-11-01,2026-05-30,1200,160,192000
58,2025-12-01,26,Python Developer,Offshore,Offshore,5,5,5.5,100,2025-11-01,2026-05-30,1000,800,800000
58,2025-12-01,34,QA Lead,Onsite,Onsite,1,1,6.0,100,2025-11-01,2026-05-30,900,160,144000
58,2025-12-01,29,React Developer,Offshore,Offshore,5,5,5.5,100,2025-11-01,2026-05-30,950,800,760000
58,2025-12-01,27,React Lead,Onsite,Onsite,1,1,9.0,100,2025-11-01,2026-05-30,1050,160,168000
58,2025-12-01,18,Solution Architect,Onsite,Onsite,1,1,9.0,100,2025-11-01,2026-05-30,1300,160,208000
59,2025-12-01,7,Automation Tester,Offshore,Offshore,1,1,6.0,100,2025-11-01,2026-05-30,800,160,128000
59,2025-12-01,2,BA,Onsite,Onsite,1,1,7.0,100,2025-11-01,2026-05-30,1000,160,160000
59,2025-12-01,36,DevOps Engineer,Offshore,Offshore,1,1,7.0,100,2025-11-01,2026-05-30,950,160,152000
59,2025-12-01,6,Manual Tester,Offshore,Offshore,1,1,6.0,100,2025-11-01,2026-05-30,750,160,120000
59,2025-12-01,1,PM,Onsite,Onsite,1,1,9.0,100,2025-11-01,2026-05-30,1200,160,192000
59,2025-12-01,26,Python Developer,Offshore,Offshore,9,9,5.5,100,2025-11-01,2026-05-30,1000,1440,1440000
59,2025-12-01,34,QA Lead,Onsite,Onsite,1,1,6.0,100,2025-11-01,2026-05-30,900,160,144000
59,2025-12-01,29,React Developer,Offshore,Offshore,9,9,5.5,100,2025-11-01,2026-05-30,950,1440,1368000
59,2025-12-01,27,React Lead,Onsite,Onsite,1,1,9.0,100,2025-11-01,2026-05-30,1050,160,168000
59,2025-12-01,18,Solution Architect,Onsite,Onsite,1,1,9.0,100,2025-11-01,2026-05-30,1300,160,208000
60,2025-12-01,7,Automation Tester,Offshore,Offshore,1,1,6.0,100,2025-11-01,2026-05-30,800,160,128000
60,2025-12-01,2,BA,Onsite,Onsite,1,1,7.0,100,2025-11-01,2026-05-30,1000,160,160000
60,2025-12-01,36,DevOps Engineer,Offshore,Offshore,1,1,7.0,100,2025-11-01,2026-05-30,950,160,152000
60,2025-12-01,23,Java Developer,Offshore,Offshore,6,6,5.5,100,2025-11-01,2026-05-30,1000,960,960000
60,2025-12-01,21,Java Lead,Onsite,Onsite,1,1,9.0,100,2025-11-01,2026-05-30,1100,160,176000
60,2025-12-01,6,Manual Tester,Offshore,Offshore,1,1,6.0,100,2025-11-01,2026-05-30,750,160,120000
60,2025-12-01,1,PM,Onsite,Onsite,1,1,9.0,100,2025-11-01,2026-05-30,1200,160,192000
60,2025-12-01,34,QA Lead,Onsite,Onsite,1,1,6.0,100,2025-11-01,2026-05-30,900,160,144000
60,2025-12-01,18,Solution Architect,Onsite,Onsite,1,1,9.0,100,2025-11-01,2026-05-30,1300,160,208000
61,2025-12-01,7,Automation Tester,Offshore,Offshore,1,1,6.0,100,2025-11-01,2026-05-30,800,160,128000
61,2025-12-01,2,BA,Onsite,Onsite,1,1,7.0,100,2025-11-01,2026-05-30,1000,160,160000
61,2025-12-01,36,DevOps Engineer,Offshore,Offshore,1,1,7.0,100,2025-11-01,2026-05-30,950,160,152000
61,2025-12-01,23,Java Developer,Offshore,Offshore,9,9,5.5,100,2025-11-01,2026-05-30,1000,1440,1440000
61,2025-12-01,21,Java Lead,Onsite,Onsite,1,1,9.0,100,2025-11-01,2026-05-30,1100,160,176000
61,2025-12-01,6,Manual Tester,Offshore,Offshore,1,1,6.0,100,2025-11-01,2026-05-30,750,160,120000
61,2025-12-01,1,PM,Onsite,Onsite,1,1,9.0,100,2025-11-01,2026-05-30,1200,160,192000
61,2025-12-01,34,QA Lead,Onsite,Onsite,1,1,6.0,100,2025-11-01,2026-05-30,900,160,144000
61,2025-12-01,18,Solution Architect,Onsite,Onsite,1,1,9.0,100,2025-11-01,2026-05-30,1300,160,208000
62,2025-12-01,7,Automation Tester,Offshore,Offshore,1,1,6.0,100,2025-11-01,2026-05-30,800,160,128000
62,2025-12-01,2,BA,Onsite,Onsite,1,1,7.0,100,2025-11-01,2026-05-30,1000,160,160000
62,2025-12-01,36,DevOps Engineer,Offshore,Offshore,1,1,7.0,100,2025-11-01,2026-05-30,950,160,152000
62,2025-12-01,6,Manual Tester,Offshore,Offshore,1,1,6.0,100,2025-11-01,2026-05-30,750,160,120000
62,2025-12-01,1,PM,Onsite,Onsite,1,1,9.0,100,2025-11-01,2026-05-30,1200,160,192000
62,2025-12-01,26,Python Developer,Offshore,Offshore,6,6,5.5,100,2025-11-01,2026-05-30,1000,960,960000
62,2025-12-01,34,QA Lead,Onsite,Onsite,1,1,6.0,100,2025-11-01,2026-05-30,900,160,144000
62,2025-12-01,18,Solution Architect,Onsite,Onsite,1,1,9.0,100,2025-11-01,2026-05-30,1300,160,208000
63,2025-12-01,7,Automation Tester,Offshore,Offshore,1,1,6.0,100,2025-11-01,2026-05-30,800,160,128000
63,2025-12-01,2,BA,Onsite,Onsite,1,1,7.0,100,2025-11-01,2026-05-30,1000,160,160000
63,2025-12-01,36,DevOps Engineer,Offshore,Offshore,1,1,7.0,100,2025-11-01,2026-05-30,950,160,152000
63,2025-12-01,6,Manual Tester,Offshore,Offshore,1,1,6.0,100,2025-11-01,2026-05-30,750,160,120000
63,2025-12-01,1,PM,Onsite,Onsite,1,1,9.0,100,2025-11-01,2026-05-30,1200,160,192000
63,2025-12-01,26,Python Developer,Offshore,Offshore,11,11,5.5,100,2025-11-01,2026-05-30,1000,1760,1760000
63,2025-12-01,25,Python Lead,Onsite,Onsite,1,1,9.0,100,2025-11-01,2026-05-30,1100,160,176000
63,2025-12-01,34,QA Lead,Onsite,Onsite,1,1,6.0,100,2025-11-01,2026-05-30,900,160,144000
63,2025-12-01,18,Solution Architect,Onsite,Onsite,1,1,9.0,100,2025-11-01,2026-05-30,1300,160,208000
64,2025-12-01,2,BA,Onsite,Onsite,1,1,7.0,100,2025-11-01,2026-05-30,1000,160,160000
64,2025-12-01,6,Manual Tester,Onsite,Onsite,1,1,6.0,100,2025-11-01,2026-05-30,750,160,120000
64,2025-12-01,1,PM,Onsite,Onsite,1,1,9.0,100,2025-11-01,2026-05-30,1200,160,192000
64,2025-12-01,26,Python Developer,Onsite,Onsite,2,2,5.5,100,2025-11-01,2026-05-30,1000,320,320000
64,2025-12-01,34,QA Lead,Onsite,Onsite,1,1,6.0,100,2025-11-01,2026-05-30,900,160,144000
65,2025-12-01,2,BA,Onsite,Onsite,1,1,7.0,100,2025-11-01,2026-05-30,1000,160,160000
65,2025-12-01,23,Java Developer,Onsite,Onsite,2,2,5.5,100,2025-11-01,2026-05-30,1000,320,320000
65,2025-12-01,1,PM,Onsite,Onsite,1,1,9.0,100,2025-11-01,2026-05-30,1200,160,192000
65,2025-12-01,34,QA Lead,Onsite,Onsite,1,1,6.0,100,2025-11-01,2026-05-30,900,160,144000
66,2025-12-01,2,BA,Onsite,Onsite,1,1,7.0,100,2025-11-01,2026-05-30,1000,160,160000
66,2025-12-01,23,Java Developer,Onsite,Onsite,2,2,5.5,100,2025-11-01,2026-05-30,1000,320,320000
66,2025-12-01,6,Manual Tester,Onsite,Onsite,1,1,6.0,100,2025-11-01,2026-05-30,750,160,120000
66,2025-12-01,1,PM,Onsite,Onsite,1,1,9.0,100,2025-11-01,2026-05-30,1200,160,192000
66,2025-12-01,34,QA Lead,Onsite,Onsite,1,1,6.0,100,2025-11-01,2026-05-30,900,160,144000
67,2025-12-01,7,Automation Tester,Offshore,Offshore,1,1,6.0,100,2025-11-01,2026-05-30,800,160,128000
67,2025-12-01,2,BA,Onsite,Onsite,1,1,7.0,100,2025-11-01,2026-05-30,1000,160,160000
67,2025-12-01,36,DevOps Engineer,Offshore,Offshore,1,1,7.0,100,2025-11-01,2026-05-30,950,160,152000
67,2025-12-01,23,Java Developer,Offshore,Offshore,11,11,5.5,100,2025-11-01,2026-05-30,1000,1760,1760000
67,2025-12-01,21,Java Lead,Onsite,Onsite,1,1,9.0,100,2025-11-01,2026-05-30,1100,160,176000
67,2025-12-01,6,Manual Tester,Offshore,Offshore,1,1,6.0,100,2025-11-01,2026-05-30,750,160,120000
67,2025-12-01,1,PM,Onsite,Onsite,1,1,9.0,100,2025-11-01,2026-05-30,1200,160,192000
67,2025-12-01,26,Python Developer,Offshore,Offshore,1,1,5.5,100,2025-11-01,2026-05-30,1000,160,160000
67,2025-12-01,34,QA Lead,Onsite,Onsite,1,1,6.0,100,2025-11-01,2026-05-30,900,160,144000
67,2025-12-01,18,Solution Architect,Onsite,Onsite,1,1,9.0,100,2025-11-01,2026-05-30,1300,160,208000
68,2025-12-01,7,Automation Tester,Offshore,Offshore,1,1,6.0,100,2025-11-01,2026-05-30,800,160,128000
68,2025-12-01,2,BA,Onsite,Onsite,1,1,7.0,100,2025-11-01,2026-05-30,1000,160,160000
68,2025-12-01,36,DevOps Engineer,Offshore,Offshore,1,1,7.0,100,2025-11-01,2026-05-30,950,160,152000
68,2025-12-01,6,Manual Tester,Offshore,Offshore,1,1,6.0,100,2025-11-01,2026-05-30,750,160,120000
68,2025-12-01,1,PM,Onsite,Onsite,1,1,9.0,100,2025-11-01,2026-05-30,1200,160,192000
68,2025-12-01,26,Python Developer,Offshore,Offshore,6,6,5.5,100,2025-11-01,2026-05-30,1000,960,960000
68,2025-12-01,34,QA Lead,Onsite,Onsite,1,1,6.0,100,2025-11-01,2026-05-30,900,160,144000
68,2025-12-01,29,React Developer,Offshore,Offshore,6,6,5.5,100,2025-11-01,2026-05-30,950,960,912000
68,2025-12-01,27,React Lead,Onsite,Onsite,1,1,9.0,100,2025-11-01,2026-05-30,1050,160,168000
68,2025-12-01,18,Solution Architect,Onsite,Onsite,1,1,9.0,100,2025-11-01,2026-05-30,1300,160,208000
69,2025-12-01,7,Automation Tester,Offshore,Offshore,1,1,6.0,100,2025-11-01,2026-05-30,800,160,128000
69,2025-12-01,2,BA,Onsite,Onsite,1,1,7.0,100,2025-11-01,2026-05-30,1000,160,160000
69,2025-12-01,36,DevOps Engineer,Offshore,Offshore,1,1,7.0,100,2025-11-01,2026-05-30,950,160,152000
69,2025-12-01,6,Manual Tester,Offshore,Offshore,1,1,6.0,100,2025-11-01,2026-05-30,750,160,120000
69,2025-12-01,1,PM,Onsite,Onsite,1,1,9.0,100,2025-11-01,2026-05-30,1200,160,192000
69,2025-12-01,26,Python Developer,Offshore,Offshore,5,5,5.5,100,2025-11-01,2026-05-30,1000,800,800000
69,2025-12-01,34,QA Lead,Onsite,Onsite,1,1,6.0,100,2025-11-01,2026-05-30,900,160,144000
69,2025-12-01,29,React Developer,Offshore,Offshore,5,5,5.5,100,2025-11-01,2026-05-30,950,800,760000
69,2025-12-01,27,React Lead,Onsite,Onsite,1,1,9.0,100,2025-11-01,2026-05-30,1050,160,168000
69,2025-12-01,18,Solution Architect,Onsite,Onsite,1,1,9.0,100,2025-11-01,2026-05-30,1300,160,208000
70,2025-12-01,7,Automation Tester,Offshore,Offshore,1,1,6.0,100,2025-11-01,2026-05-30,800,160,128000
70,2025-12-01,2,BA,Onsite,Onsite,1,1,7.0,100,2025-11-01,2026-05-30,1000,160,160000
70,2025-12-01,36,DevOps Engineer,Offshore,Offshore,1,1,7.0,100,2025-11-01,2026-05-30,950,160,152000
70,2025-12-01,6,Manual Tester,Offshore,Offshore,1,1,6.0,100,2025-11-01,2026-05-30,750,160,120000
70,2025-12-01,1,PM,Onsite,Onsite,1,1,9.0,100,2025-11-01,2026-05-30,1200,160,192000
70,2025-12-01,26,Python Developer,Offshore,Offshore,4,4,5.5,100,2025-11-01,2026-05-30,1000,640,640000
70,2025-12-01,34,QA Lead,Onsite,Onsite,1,1,6.0,100,2025-11-01,2026-05-30,900,160,144000
70,2025-12-01,29,React Developer,Offshore,Offshore,4,4,5.5,100,2025-11-01,2026-05-30,950,640,608000
70,2025-12-01,27,React Lead,Onsite,Onsite,1,1,9.0,100,2025-11-01,2026-05-30,1050,160,168000
70,2025-12-01,18,Solution Architect,Onsite,Onsite,1,1,9.0,100,2025-11-01,2026-05-30,1300,160,208000
71,2025-12-01,2,BA,Onsite,Onsite,1,1,7.0,100,2025-11-01,2026-05-30,1000,160,160000
71,2025-12-01,23,Java Developer,Onsite,Onsite,3,3,5.5,100,2025-11-01,2026-05-30,1000,480,480000
71,2025-12-01,6,Manual Tester,Onsite,Onsite,1,1,6.0,100,2025-11-01,2026-05-30,750,160,120000
71,2025-12-01,1,PM,Onsite,Onsite,1,1,9.0,100,2025-11-01,2026-05-30,1200,160,192000
71,2025-12-01,34,QA Lead,Onsite,Onsite,1,1,6.0,100,2025-11-01,2026-05-30,900,160,144000
72,2025-12-01,7,Automation Tester,Offshore,Offshore,1,1,6.0,100,2025-11-01,2026-05-30,800,160,128000
72,2025-12-01,2,BA,Onsite,Onsite,1,1,7.0,100,2025-11-01,2026-05-30,1000,160,160000
72,2025-12-01,36,DevOps Engineer,Offshore,Offshore,1,1,7.0,100,2025-11-01,2026-05-30,950,160,152000
72,2025-12-01,6,Manual Tester,Offshore,Offshore,1,1,6.0,100,2025-11-01,2026-05-30,750,160,120000
72,2025-12-01,1,PM,Onsite,Onsite,1,1,9.0,100,2025-11-01,2026-05-30,1200,160,192000
72,2025-12-01,26,Python Developer,Offshore,Offshore,11,11,5.5,100,2025-11-01,2026-05-30,1000,1760,1760000
72,2025-12-01,25,Python Lead,Onsite,Onsite,1,1,9.0,100,2025-11-01,2026-05-30,1100,160,176000
72,2025-12-01,34,QA Lead,Onsite,Onsite,1,1,6.0,100,2025-11-01,2026-05-30,900,160,144000
72,2025-12-01,18,Solution Architect,Onsite,Onsite,1,1,9.0,100,2025-11-01,2026-05-30,1300,160,208000
73,2025-12-01,7,Automation Tester,Onsite,Onsite,1,1,6.0,100,2025-11-01,2026-05-30,800,160,128000
73,2025-12-01,2,BA,Onsite,Onsite,1,1,7.0,100,2025-11-01,2026-05-30,1000,160,160000
73,2025-12-01,6,Manual Tester,Onsite,Onsite,1,1,6.0,100,2025-11-01,2026-05-30,750,160,120000
73,2025-12-01,1,PM,Onsite,Onsite,1,1,9.0,100,2025-11-01,2026-05-30,1200,160,192000
73,2025-12-01,26,Python Developer,Onsite,Onsite,3,3,5.5,100,2025-11-01,2026-05-30,1000,480,480000
73,2025-12-01,34,QA Lead,Onsite,Onsite,1,1,6.0,100,2025-11-01,2026-05-30,900,160,144000
74,2025-12-01,7,Automation Tester,Offshore,Offshore,1,1,6.0,100,2025-11-01,2026-05-30,800,160,128000
74,2025-12-01,2,BA,Onsite,Onsite,1,1,7.0,100,2025-11-01,2026-05-30,1000,160,160000
74,2025-12-01,36,DevOps Engineer,Offshore,Offshore,1,1,7.0,100,2025-11-01,2026-05-30,950,160,152000
74,2025-12-01,6,Manual Tester,Offshore,Offshore,1,1,6.0,100,2025-11-01,2026-05-30,750,160,120000
74,2025-12-01,1,PM,Onsite,Onsite,1,1,9.0,100,2025-11-01,2026-05-30,1200,160,192000
74,2025-12-01,26,Python Developer,Offshore,Offshore,9,9,5.5,100,2025-11-01,2026-05-30,1000,1440,1440000
74,2025-12-01,34,QA Lead,Onsite,Onsite,1,1,6.0,100,2025-11-01,2026-05-30,900,160,144000
74,2025-12-01,18,Solution Architect,Onsite,Onsite,1,1,9.0,100,2025-11-01,2026-05-30,1300,160,208000
75,2025-12-01,7,Automation Tester,Offshore,Offshore,1,1,6.0,100,2025-11-01,2026-05-30,800,160,128000
75,2025-12-01,2,BA,Onsite,Onsite,1,1,7.0,100,2025-11-01,2026-05-30,1000,160,160000
75,2025-12-01,36,DevOps Engineer,Offshore,Offshore,1,1,7.0,100,2025-11-01,2026-05-30,950,160,152000
75,2025-12-01,6,Manual Tester,Offshore,Offshore,1,1,6.0,100,2025-11-01,2026-05-30,750,160,120000
75,2025-12-01,1,PM,Onsite,Onsite,1,1,9.0,100,2025-11-01,2026-05-30,1200,160,192000
75,2025-12-01,26,Python Developer,Offshore,Offshore,10,10,5.5,100,2025-11-01,2026-05-30,1000,1600,1600000
75,2025-12-01,34,QA Lead,Onsite,Onsite,1,1,6.0,100,2025-11-01,2026-05-30,900,160,144000
75,2025-12-01,18,Solution Architect,Onsite,Onsite,1,1,9.0,100,2025-11-01,2026-05-30,1300,160,208000
76,2025-12-01,7,Automation Tester,Offshore,Offshore,1,1,6.0,100,2025-11-01,2026-05-30,800,160,128000
76,2025-12-01,2,BA,Onsite,Onsite,1,1,7.0,100,2025-11-01,2026-05-30,1000,160,160000
76,2025-12-01,36,DevOps Engineer,Offshore,Offshore,1,1,7.0,100,2025-11-01,2026-05-30,950,160,152000
76,2025-12-01,6,Manual Tester,Offshore,Offshore,1,1,6.0,100,2025-11-01,2026-05-30,750,160,120000
76,2025-12-01,1,PM,Onsite,Onsite,1,1,9.0,100,2025-11-01,2026-05-30,1200,160,192000
76,2025-12-01,26,Python Developer,Offshore,Offshore,6,6,5.5,100,2025-11-01,2026-05-30,1000,960,960000
76,2025-12-01,34,QA Lead,Onsite,Onsite,1,1,6.0,100,2025-11-01,2026-05-30,900,160,144000
76,2025-12-01,18,Solution Architect,Onsite,Onsite,1,1,9.0,100,2025-11-01,2026-05-30,1300,160,208000
77,2025-12-01,7,Automation Tester,Offshore,Offshore,1,1,6.0,100,2025-11-01,2026-05-30,800,160,128000
77,2025-12-01,2,BA,Onsite,Onsite,1,1,7.0,100,2025-11-01,2026-05-30,1000,160,160000
77,2025-12-01,36,DevOps Engineer,Offshore,Offshore,1,1,7.0,100,2025-11-01,2026-05-30,950,160,152000
77,2025-12-01,6,Manual Tester,Offshore,Offshore,1,1,6.0,100,2025-11-01,2026-05-30,750,160,120000
77,2025-12-01,1,PM,Onsite,Onsite,1,1,9.0,100,2025-11-01,2026-05-30,1200,160,192000
77,2025-12-01,26,Python Developer,Offshore,Offshore,7,7,5.5,100,2025-11-01,2026-05-30,1000,1120,1120000
77,2025-12-01,25,Python Lead,Onsite,Onsite,1,1,9.0,100,2025-11-01,2026-05-30,1100,160,176000
77,2025-12-01,34,QA Lead,Onsite,Onsite,1,1,6.0,100,2025-11-01,2026-05-30,900,160,144000
77,2025-12-01,18,Solution Architect,Onsite,Onsite,1,1,9.0,100,2025-11-01,2026-05-30,1300,160,208000
78,2025-12-01,7,Automation Tester,Offshore,Offshore,1,1,6.0,100,2025-11-01,2026-05-30,800,160,128000
78,2025-12-01,2,BA,Onsite,Onsite,1,1,7.0,100,2025-11-01,2026-05-30,1000,160,160000
78,2025-12-01,36,DevOps Engineer,Offshore,Offshore,1,1,7.0,100,2025-11-01,2026-05-30,950,160,152000
78,2025-12-01,23,Java Developer,Offshore,Offshore,6,6,5.5,100,2025-11-01,2026-05-30,1000,960,960000
78,2025-12-01,21,Java Lead,Onsite,Onsite,1,1,9.0,100,2025-11-01,2026-05-30,1100,160,176000
78,2025-12-01,6,Manual Tester,Offshore,Offshore,1,1,6.0,100,2025-11-01,2026-05-30,750,160,120000
78,2025-12-01,1,PM,Onsite,Onsite,1,1,9.0,100,2025-11-01,2026-05-30,1200,160,192000
78,2025-12-01,34,QA Lead,Onsite,Onsite,1,1,6.0,100,2025-11-01,2026-05-30,900,160,144000
78,2025-12-01,18,Solution Architect,Onsite,Onsite,1,1,9.0,100,2025-11-01,2026-05-30,1300,160,208000
79,2025-12-01,7,Automation Tester,Offshore,Offshore,1,1,6.0,100,2025-11-01,2026-05-30,800,160,128000
79,2025-12-01,2,BA,Onsite,Onsite,1,1,7.0,100,2025-11-01,2026-05-30,1000,160,160000
79,2025-12-01,36,DevOps Engineer,Offshore,Offshore,1,1,7.0,100,2025-11-01,2026-05-30,950,160,152000
79,2025-12-01,6,Manual Tester,Offshore,Offshore,1,1,6.0,100,2025-11-01,2026-05-30,750,160,120000
79,2025-12-01,1,PM,Onsite,Onsite,1,1,9.0,100,2025-11-01,2026-05-30,1200,160,192000
79,2025-12-01,26,Python Developer,Offshore,Offshore,4,4,5.5,100,2025-11-01,2026-05-30,1000,640,640000
79,2025-12-01,34,QA Lead,Onsite,Onsite,1,1,6.0,100,2025-11-01,2026-05-30,900,160,144000
79,2025-12-01,18,Solution Architect,Onsite,Onsite,1,1,9.0,100,2025-11-01,2026-05-30,1300,160,208000
80,2025-12-01,7,Automation Tester,Offshore,Offshore,1,1,6.0,100,2025-11-01,2026-05-30,800,160,128000
80,2025-12-01,2,BA,Onsite,Onsite,1,1,7.0,100,2025-11-01,2026-05-30,1000,160,160000
80,2025-12-01,36,DevOps Engineer,Offshore,Offshore,1,1,7.0,100,2025-11-01,2026-05-30,950,160,152000
80,2025-12-01,23,Java Developer,Offshore,Offshore,8,8,5.5,100,2025-11-01,2026-05-30,1000,1280,1280000
80,2025-12-01,21,Java Lead,Onsite,Onsite,1,1,9.0,100,2025-11-01,2026-05-30,1100,160,176000
80,2025-12-01,6,Manual Tester,Offshore,Offshore,1,1,6.0,100,2025-11-01,2026-05-30,750,160,120000
80,2025-12-01,1,PM,Onsite,Onsite,1,1,9.0,100,2025-11-01,2026-05-30,1200,160,192000
80,2025-12-01,34,QA Lead,Onsite,Onsite,1,1,6.0,100,2025-11-01,2026-05-30,900,160,144000
80,2025-12-01,18,Solution Architect,Onsite,Onsite,1,1,9.0,100,2025-11-01,2026-05-30,1300,160,208000
81,2025-12-01,7,Automation Tester,Offshore,Offshore,1,1,6.0,100,2025-11-01,2026-05-30,800,160,128000
81,2025-12-01,2,BA,Onsite,Onsite,1,1,7.0,100,2025-11-01,2026-05-30,1000,160,160000
81,2025-12-01,36,DevOps Engineer,Offshore,Offshore,1,1,7.0,100,2025-11-01,2026-05-30,950,160,152000
81,2025-12-01,6,Manual Tester,Offshore,Offshore,1,1,6.0,100,2025-11-01,2026-05-30,750,160,120000
81,2025-12-01,1,PM,Onsite,Onsite,1,1,9.0,100,2025-11-01,2026-05-30,1200,160,192000
81,2025-12-01,34,QA Lead,Onsite,Onsite,1,1,6.0,100,2025-11-01,2026-05-30,900,160,144000
81,2025-12-01,39,SAP Consultant,Offshore,Offshore,10,10,9.0,100,2025-11-01,2026-05-30,1100,1600,1760000
81,2025-12-01,18,Solution Architect,Onsite,Onsite,1,1,9.0,100,2025-11-01,2026-05-30,1300,160,208000
82,2025-12-01,7,Automation Tester,Onsite,Onsite,1,1,6.0,100,2025-11-01,2026-05-30,800,160,128000
82,2025-12-01,2,BA,Onsite,Onsite,1,1,7.0,100,2025-11-01,2026-05-30,1000,160,160000
82,2025-12-01,6,Manual Tester,Onsite,Onsite,1,1,6.0,100,2025-11-01,2026-05-30,750,160,120000
82,2025-12-01,1,PM,Onsite,Onsite,1,1,9.0,100,2025-11-01,2026-05-30,1200,160,192000
82,2025-12-01,26,Python Developer,Onsite,Onsite,3,3,5.5,100,2025-11-01,2026-05-30,1000,480,480000
82,2025-12-01,34,QA Lead,Onsite,Onsite,1,1,6.0,100,2025-11-01,2026-05-30,900,160,144000
83,2025-12-01,2,BA,Onsite,Onsite,1,1,7.0,100,2025-11-01,2026-05-30,1000,160,160000
83,2025-12-01,1,PM,Onsite,Onsite,1,1,9.0,100,2025-11-01,2026-05-30,1200,160,192000
83,2025-12-01,26,Python Developer,Onsite,Onsite,1,1,5.5,100,2025-11-01,2026-05-30,1000,160,160000
83,2025-12-01,34,QA Lead,Onsite,Onsite,1,1,6.0,100,2025-11-01,2026-05-30,900,160,144000
83,2025-12-01,29,React Developer,Onsite,Onsite,2,2,5.5,100,2025-11-01,2026-05-30,950,320,304000
84,2025-12-01,7,Automation Tester,Offshore,Offshore,1,1,6.0,100,2025-11-01,2026-05-30,800,160,128000
84,2025-12-01,2,BA,Onsite,Onsite,1,1,7.0,100,2025-11-01,2026-05-30,1000,160,160000
84,2025-12-01,36,DevOps Engineer,Offshore,Offshore,1,1,7.0,100,2025-11-01,2026-05-30,950,160,152000
84,2025-12-01,6,Manual Tester,Offshore,Offshore,1,1,6.0,100,2025-11-01,2026-05-30,750,160,120000
84,2025-12-01,1,PM,Onsite,Onsite,1,1,9.0,100,2025-11-01,2026-05-30,1200,160,192000
84,2025-12-01,26,Python Developer,Offshore,Offshore,10,10,5.5,100,2025-11-01,2026-05-30,1000,1600,1600000
84,2025-12-01,34,QA Lead,Onsite,Onsite,1,1,6.0,100,2025-11-01,2026-05-30,900,160,144000
84,2025-12-01,18,Solution Architect,Onsite,Onsite,1,1,9.0,100,2025-11-01,2026-05-30,1300,160,208000
85,2025-12-01,2,BA,Onsite,Onsite,1,1,7.0,100,2025-11-01,2026-05-30,1000,160,160000
85,2025-12-01,23,Java Developer,Onsite,Onsite,2,2,5.5,100,2025-11-01,2026-05-30,1000,320,320000
85,2025-12-01,6,Manual Tester,Onsite,Onsite,1,1,6.0,100,2025-11-01,2026-05-30,750,160,120000
85,2025-12-01,1,PM,Onsite,Onsite,1,1,9.0,100,2025-11-01,2026-05-30,1200,160,192000
85,2025-12-01,34,QA Lead,Onsite,Onsite,1,1,6.0,100,2025-11-01,2026-05-30,900,160,144000
86,2025-12-01,7,Automation Tester,Offshore,Offshore,1,1,6.0,100,2025-11-01,2026-05-30,800,160,128000
86,2025-12-01,2,BA,Onsite,Onsite,1,1,7.0,100,2025-11-01,2026-05-30,1000,160,160000
86,2025-12-01,36,DevOps Engineer,Offshore,Offshore,1,1,7.0,100,2025-11-01,2026-05-30,950,160,152000
86,2025-12-01,6,Manual Tester,Offshore,Offshore,1,1,6.0,100,2025-11-01,2026-05-30,750,160,120000
86,2025-12-01,1,PM,Onsite,Onsite,1,1,9.0,100,2025-11-01,2026-05-30,1200,160,192000
86,2025-12-01,34,QA Lead,Onsite,Onsite,1,1,6.0,100,2025-11-01,2026-05-30,900,160,144000
86,2025-12-01,39,SAP Consultant,Offshore,Offshore,8,8,9.0,100,2025-11-01,2026-05-30,1100,1280,1408000
86,2025-12-01,18,Solution Architect,Onsite,Onsite,1,1,9.0,100,2025-11-01,2026-05-30,1300,160,208000
87,2025-12-01,7,Automation Tester,Offshore,Offshore,1,1,6.0,100,2025-11-01,2026-05-30,800,160,128000
87,2025-12-01,2,BA,Onsite,Onsite,1,1,7.0,100,2025-11-01,2026-05-30,1000,160,160000
87,2025-12-01,36,DevOps Engineer,Offshore,Offshore,1,1,7.0,100,2025-11-01,2026-05-30,950,160,152000
87,2025-12-01,6,Manual Tester,Offshore,Offshore,1,1,6.0,100,2025-11-01,2026-05-30,750,160,120000
87,2025-12-01,1,PM,Onsite,Onsite,1,1,9.0,100,2025-11-01,2026-05-30,1200,160,192000
87,2025-12-01,26,Python Developer,Offshore,Offshore,4,4,5.5,100,2025-11-01,2026-05-30,1000,640,640000
87,2025-12-01,34,QA Lead,Onsite,Onsite,1,1,6.0,100,2025-11-01,2026-05-30,900,160,144000
88,2025-12-01,7,Automation Tester,Offshore,Offshore,1,1,6.0,100,2025-11-01,2026-05-30,800,160,128000
88,2025-12-01,2,BA,Onsite,Onsite,1,1,7.0,100,2025-11-01,2026-05-30,1000,160,160000
88,2025-12-01,36,DevOps Engineer,Offshore,Offshore,1,1,7.0,100,2025-11-01,2026-05-30,950,160,152000
88,2025-12-01,6,Manual Tester,Offshore,Offshore,1,1,6.0,100,2025-11-01,2026-05-30,750,160,120000
88,2025-12-01,1,PM,Onsite,Onsite,1,1,9.0,100,2025-11-01,2026-05-30,1200,160,192000
88,2025-12-01,26,Python Developer,Offshore,Offshore,6,6,5.5,100,2025-11-01,2026-05-30,1000,960,960000
88,2025-12-01,34,QA Lead,Onsite,Onsite,1,1,6.0,100,2025-11-01,2026-05-30,900,160,144000
88,2025-12-01,18,Solution Architect,Onsite,Onsite,1,1,9.0,100,2025-11-01,2026-05-30,1300,160,208000
89,2025-12-01,7,Automation Tester,Offshore,Offshore,1,1,6.0,100,2025-11-01,2026-05-30,800,160,128000
89,2025-12-01,2,BA,Onsite,Onsite,1,1,7.0,100,2025-11-01,2026-05-30,1000,160,160000
89,2025-12-01,36,DevOps Engineer,Offshore,Offshore,1,1,7.0,100,2025-11-01,2026-05-30,950,160,152000
89,2025-12-01,6,Manual Tester,Offshore,Offshore,1,1,6.0,100,2025-11-01,2026-05-30,750,160,120000
89,2025-12-01,1,PM,Onsite,Onsite,1,1,9.0,100,2025-11-01,2026-05-30,1200,160,192000
89,2025-12-01,26,Python Developer,Offshore,Offshore,8,8,5.5,100,2025-11-01,2026-05-30,1000,1280,1280000
89,2025-12-01,34,QA Lead,Onsite,Onsite,1,1,6.0,100,2025-11-01,2026-05-30,900,160,144000
89,2025-12-01,29,React Developer,Offshore,Offshore,8,8,5.5,100,2025-11-01,2026-05-30,950,1280,1216000
89,2025-12-01,27,React Lead,Onsite,Onsite,1,1,9.0,100,2025-11-01,2026-05-30,1050,160,168000
89,2025-12-01,18,Solution Architect,Onsite,Onsite,1,1,9.0,100,2025-11-01,2026-05-30,1300,160,208000
90,2025-12-01,2,BA,Onsite,Onsite,1,1,7.0,100,2025-11-01,2026-05-30,1000,160,160000
90,2025-12-01,1,PM,Onsite,Onsite,1,1,9.0,100,2025-11-01,2026-05-30,1200,160,192000
90,2025-12-01,26,Python Developer,Onsite,Onsite,2,2,5.5,100,2025-11-01,2026-05-30,1000,320,320000
90,2025-12-01,34,QA Lead,Onsite,Onsite,1,1,6.0,100,2025-11-01,2026-05-30,900,160,144000
91,2025-12-01,7,Automation Tester,Offshore,Offshore,1,1,6.0,100,2025-11-01,2026-05-30,800,160,128000
91,2025-12-01,2,BA,Onsite,Onsite,1,1,7.0,100,2025-11-01,2026-05-30,1000,160,160000
91,2025-12-01,36,DevOps Engineer,Offshore,Offshore,1,1,7.0,100,2025-11-01,2026-05-30,950,160,152000
91,2025-12-01,6,Manual Tester,Offshore,Offshore,1,1,6.0,100,2025-11-01,2026-05-30,750,160,120000
91,2025-12-01,1,PM,Onsite,Onsite,1,1,9.0,100,2025-11-01,2026-05-30,1200,160,192000
91,2025-12-01,26,Python Developer,Offshore,Offshore,8,8,5.5,100,2025-11-01,2026-05-30,1000,1280,1280000
91,2025-12-01,34,QA Lead,Onsite,Onsite,1,1,6.0,100,2025-11-01,2026-05-30,900,160,144000
91,2025-12-01,18,Solution Architect,Onsite,Onsite,1,1,9.0,100,2025-11-01,2026-05-30,1300,160,208000
92,2025-12-01,7,Automation Tester,Offshore,Offshore,1,1,6.0,100,2025-11-01,2026-05-30,800,160,128000
92,2025-12-01,2,BA,Onsite,Onsite,1,1,7.0,100,2025-11-01,2026-05-30,1000,160,160000
92,2025-12-01,36,DevOps Engineer,Offshore,Offshore,1,1,7.0,100,2025-11-01,2026-05-30,950,160,152000
92,2025-12-01,6,Manual Tester,Offshore,Offshore,1,1,6.0,100,2025-11-01,2026-05-30,750,160,120000
92,2025-12-01,1,PM,Onsite,Onsite,1,1,9.0,100,2025-11-01,2026-05-30,1200,160,192000
92,2025-12-01,26,Python Developer,Offshore,Offshore,10,10,5.5,100,2025-11-01,2026-05-30,1000,1600,1600000
92,2025-12-01,25,Python Lead,Onsite,Onsite,1,1,9.0,100,2025-11-01,2026-05-30,1100,160,176000
92,2025-12-01,34,QA Lead,Onsite,Onsite,1,1,6.0,100,2025-11-01,2026-05-30,900,160,144000
92,2025-12-01,18,Solution Architect,Onsite,Onsite,1,1,9.0,100,2025-11-01,2026-05-30,1300,160,208000
93,2025-12-01,7,Automation Tester,Offshore,Offshore,1,1,6.0,100,2025-11-01,2026-05-30,800,160,128000
93,2025-12-01,2,BA,Onsite,Onsite,1,1,7.0,100,2025-11-01,2026-05-30,1000,160,160000
93,2025-12-01,36,DevOps Engineer,Offshore,Offshore,1,1,7.0,100,2025-11-01,2026-05-30,950,160,152000
93,2025-12-01,6,Manual Tester,Offshore,Offshore,1,1,6.0,100,2025-11-01,2026-05-30,750,160,120000
93,2025-12-01,1,PM,Onsite,Onsite,1,1,9.0,100,2025-11-01,2026-05-30,1200,160,192000
93,2025-12-01,26,Python Developer,Offshore,Offshore,6,6,5.5,100,2025-11-01,2026-05-30,1000,960,960000
93,2025-12-01,25,Python Lead,Onsite,Onsite,1,1,9.0,100,2025-11-01,2026-05-30,1100,160,176000
93,2025-12-01,34,QA Lead,Onsite,Onsite,1,1,6.0,100,2025-11-01,2026-05-30,900,160,144000
93,2025-12-01,18,Solution Architect,Onsite,Onsite,1,1,9.0,100,2025-11-01,2026-05-30,1300,160,208000
94,2025-12-01,7,Automation Tester,Offshore,Offshore,1,1,6.0,100,2025-11-01,2026-05-30,800,160,128000
94,2025-12-01,2,BA,Onsite,Onsite,1,1,7.0,100,2025-11-01,2026-05-30,1000,160,160000
94,2025-12-01,36,DevOps Engineer,Offshore,Offshore,1,1,7.0,100,2025-11-01,2026-05-30,950,160,152000
94,2025-12-01,23,Java Developer,Offshore,Offshore,6,6,5.5,100,2025-11-01,2026-05-30,1000,960,960000
94,2025-12-01,21,Java Lead,Onsite,Onsite,1,1,9.0,100,2025-11-01,2026-05-30,1100,160,176000
94,2025-12-01,6,Manual Tester,Offshore,Offshore,1,1,6.0,100,2025-11-01,2026-05-30,750,160,120000
94,2025-12-01,1,PM,Onsite,Onsite,1,1,9.0,100,2025-11-01,2026-05-30,1200,160,192000
94,2025-12-01,34,QA Lead,Onsite,Onsite,1,1,6.0,100,2025-11-01,2026-05-30,900,160,144000
94,2025-12-01,18,Solution Architect,Onsite,Onsite,1,1,9.0,100,2025-11-01,2026-05-30,1300,160,208000
95,2025-12-01,7,Automation Tester,Offshore,Offshore,1,1,6.0,100,2025-11-01,2026-05-30,800,160,128000
95,2025-12-01,2,BA,Onsite,Onsite,1,1,7.0,100,2025-11-01,2026-05-30,1000,160,160000
95,2025-12-01,36,DevOps Engineer,Offshore,Offshore,1,1,7.0,100,2025-11-01,2026-05-30,950,160,152000
95,2025-12-01,6,Manual Tester,Offshore,Offshore,1,1,6.0,100,2025-11-01,2026-05-30,750,160,120000
95,2025-12-01,1,PM,Onsite,Onsite,1,1,9.0,100,2025-11-01,2026-05-30,1200,160,192000
95,2025-12-01,26,Python Developer,Offshore,Offshore,8,8,5.5,100,2025-11-01,2026-05-30,1000,1280,1280000
95,2025-12-01,25,Python Lead,Onsite,Onsite,1,1,9.0,100,2025-11-01,2026-05-30,1100,160,176000
95,2025-12-01,34,QA Lead,Onsite,Onsite,1,1,6.0,100,2025-11-01,2026-05-30,900,160,144000
95,2025-12-01,18,Solution Architect,Onsite,Onsite,1,1,9.0,100,2025-11-01,2026-05-30,1300,160,208000
96,2025-12-01,7,Automation Tester,Offshore,Offshore,1,1,6.0,100,2025-11-01,2026-05-30,800,160,128000
96,2025-12-01,2,BA,Onsite,Onsite,1,1,7.0,100,2025-11-01,2026-05-30,1000,160,160000
96,2025-12-01,36,DevOps Engineer,Offshore,Offshore,1,1,7.0,100,2025-11-01,2026-05-30,950,160,152000
96,2025-12-01,6,Manual Tester,Offshore,Offshore,1,1,6.0,100,2025-11-01,2026-05-30,750,160,120000
96,2025-12-01,1,PM,Onsite,Onsite,1,1,9.0,100,2025-11-01,2026-05-30,1200,160,192000
96,2025-12-01,26,Python Developer,Offshore,Offshore,5,5,5.5,100,2025-11-01,2026-05-30,1000,800,800000
96,2025-12-01,25,Python Lead,Onsite,Onsite,1,1,9.0,100,2025-11-01,2026-05-30,1100,160,176000
96,2025-12-01,34,QA Lead,Onsite,Onsite,1,1,6.0,100,2025-11-01,2026-05-30,900,160,144000
96,2025-12-01,18,Solution Architect,Onsite,Onsite,1,1,9.0,100,2025-11-01,2026-05-30,1300,160,208000
97,2025-12-01,2,BA,Onsite,Onsite,1,1,7.0,100,2025-11-01,2026-05-30,1000,160,160000
97,2025-12-01,1,PM,Onsite,Onsite,1,1,9.0,100,2025-11-01,2026-05-30,1200,160,192000
97,2025-12-01,26,Python Developer,Onsite,Onsite,2,2,5.5,100,2025-11-01,2026-05-30,1000,320,320000
97,2025-12-01,34,QA Lead,Onsite,Onsite,1,1,6.0,100,2025-11-01,2026-05-30,900,160,144000
98,2025-12-01,7,Automation Tester,Offshore,Offshore,1,1,6.0,100,2025-11-01,2026-05-30,800,160,128000
98,2025-12-01,2,BA,Onsite,Onsite,1,1,7.0,100,2025-11-01,2026-05-30,1000,160,160000
98,2025-12-01,36,DevOps Engineer,Offshore,Offshore,1,1,7.0,100,2025-11-01,2026-05-30,950,160,152000
98,2025-12-01,6,Manual Tester,Offshore,Offshore,1,1,6.0,100,2025-11-01,2026-05-30,750,160,120000
98,2025-12-01,1,PM,Onsite,Onsite,1,1,9.0,100,2025-11-01,2026-05-30,1200,160,192000
98,2025-12-01,26,Python Developer,Offshore,Offshore,5,5,5.5,100,2025-11-01,2026-05-30,1000,800,800000
98,2025-12-01,34,QA Lead,Onsite,Onsite,1,1,6.0,100,2025-11-01,2026-05-30,900,160,144000
98,2025-12-01,18,Solution Architect,Onsite,Onsite,1,1,9.0,100,2025-11-01,2026-05-30,1300,160,208000
99,2025-12-01,7,Automation Tester,Offshore,Offshore,1,1,6.0,100,2025-11-01,2026-05-30,800,160,128000
99,2025-12-01,2,BA,Onsite,Onsite,1,1,7.0,100,2025-11-01,2026-05-30,1000,160,160000
99,2025-12-01,36,DevOps Engineer,Offshore,Offshore,1,1,7.0,100,2025-11-01,2026-05-30,950,160,152000
99,2025-12-01,6,Manual Tester,Offshore,Offshore,1,1,6.0,100,2025-11-01,2026-05-30,750,160,120000
99,2025-12-01,1,PM,Onsite,Onsite,1,1,9.0,100,2025-11-01,2026-05-30,1200,160,192000
99,2025-12-01,26,Python Developer,Offshore,Offshore,8,8,5.5,100,2025-11-01,2026-05-30,1000,1280,1280000
99,2025-12-01,25,Python Lead,Onsite,Onsite,1,1,9.0,100,2025-11-01,2026-05-30,1100,160,176000
99,2025-12-01,34,QA Lead,Onsite,Onsite,1,1,6.0,100,2025-11-01,2026-05-30,900,160,144000
99,2025-12-01,18,Solution Architect,Onsite,Onsite,1,1,9.0,100,2025-11-01,2026-05-30,1300,160,208000
100,2025-12-01,7,Automation Tester,Onsite,Onsite,1,1,6.0,100,2025-11-01,2026-05-30,800,160,128000
100,2025-12-01,2,BA,Onsite,Onsite,1,1,7.0,100,2025-11-01,2026-05-30,1000,160,160000
100,2025-12-01,36,DevOps Engineer,Onsite,Onsite,1,1,7.0,100,2025-11-01,2026-05-30,950,160,152000
100,2025-12-01,6,Manual Tester,Onsite,Onsite,1,1,6.0,100,2025-11-01,2026-05-30,750,160,120000
100,2025-12-01,1,PM,Onsite,Onsite,1,1,9.0,100,2025-11-01,2026-05-30,1200,160,192000
100,2025-12-01,26,Python Developer,Onsite,Onsite,4,4,5.5,100,2025-11-01,2026-05-30,1000,640,640000
100,2025-12-01,34,QA Lead,Onsite,Onsite,1,1,6.0,100,2025-11-01,2026-05-30,900,160,144000
101,2025-12-01,2,BA,Onsite,Onsite,1,1,7.0,100,2025-11-01,2026-05-30,1000,160,160000
101,2025-12-01,6,Manual Tester,Onsite,Onsite,1,1,6.0,100,2025-11-01,2026-05-30,750,160,120000
101,2025-12-01,1,PM,Onsite,Onsite,1,1,9.0,100,2025-11-01,2026-05-30,1200,160,192000
101,2025-12-01,26,Python Developer,Onsite,Onsite,2,2,5.5,100,2025-11-01,2026-05-30,1000,320,320000
101,2025-12-01,34,QA Lead,Onsite,Onsite,1,1,6.0,100,2025-11-01,2026-05-30,900,160,144000
102,2025-12-01,7,Automation Tester,Offshore,Offshore,1,1,6.0,100,2025-11-01,2026-05-30,800,160,128000
102,2025-12-01,2,BA,Onsite,Onsite,1,1,7.0,100,2025-11-01,2026-05-30,1000,160,160000
102,2025-12-01,36,DevOps Engineer,Offshore,Offshore,1,1,7.0,100,2025-11-01,2026-05-30,950,160,152000
102,2025-12-01,23,Java Developer,Offshore,Offshore,6,6,5.5,100,2025-11-01,2026-05-30,1000,960,960000
102,2025-12-01,21,Java Lead,Onsite,Onsite,1,1,9.0,100,2025-11-01,2026-05-30,1100,160,176000
102,2025-12-01,6,Manual Tester,Offshore,Offshore,1,1,6.0,100,2025-11-01,2026-05-30,750,160,120000
102,2025-12-01,1,PM,Onsite,Onsite,1,1,9.0,100,2025-11-01,2026-05-30,1200,160,192000
102,2025-12-01,34,QA Lead,Onsite,Onsite,1,1,6.0,100,2025-11-01,2026-05-30,900,160,144000
102,2025-12-01,18,Solution Architect,Onsite,Onsite,1,1,9.0,100,2025-11-01,2026-05-30,1300,160,208000
103,2025-12-01,2,BA,Onsite,Onsite,1,1,7.0,100,2025-11-01,2026-05-30,1000,160,160000
103,2025-12-01,1,PM,Onsite,Onsite,1,1,9.0,100,2025-11-01,2026-05-30,1200,160,192000
103,2025-12-01,34,QA Lead,Onsite,Onsite,1,1,6.0,100,2025-11-01,2026-05-30,900,160,144000
103,2025-12-01,39,SAP Consultant,Onsite,Onsite,2,2,9.0,100,2025-11-01,2026-05-30,1100,320,352000
104,2025-12-01,7,Automation Tester,Offshore,Offshore,1,1,6.0,100,2025-11-01,2026-05-30,800,160,128000
104,2025-12-01,2,BA,Onsite,Onsite,1,1,7.0,100,2025-11-01,2026-05-30,1000,160,160000
104,2025-12-01,36,DevOps Engineer,Offshore,Offshore,1,1,7.0,100,2025-11-01,2026-05-30,950,160,152000
104,2025-12-01,6,Manual Tester,Offshore,Offshore,1,1,6.0,100,2025-11-01,2026-05-30,750,160,120000
104,2025-12-01,1,PM,Onsite,Onsite,1,1,9.0,100,2025-11-01,2026-05-30,1200,160,192000
104,2025-12-01,26,Python Developer,Offshore,Offshore,4,4,5.5,100,2025-11-01,2026-05-30,1000,640,640000
104,2025-12-01,34,QA Lead,Onsite,Onsite,1,1,6.0,100,2025-11-01,2026-05-30,900,160,144000
104,2025-12-01,29,React Developer,Offshore,Offshore,4,4,5.5,100,2025-11-01,2026-05-30,950,640,608000
105,2025-12-01,7,Automation Tester,Offshore,Offshore,1,1,6.0,100,2025-11-01,2026-05-30,800,160,128000
105,2025-12-01,2,BA,Onsite,Onsite,1,1,7.0,100,2025-11-01,2026-05-30,1000,160,160000
105,2025-12-01,36,DevOps Engineer,Offshore,Offshore,1,1,7.0,100,2025-11-01,2026-05-30,950,160,152000
105,2025-12-01,6,Manual Tester,Offshore,Offshore,1,1,6.0,100,2025-11-01,2026-05-30,750,160,120000
105,2025-12-01,1,PM,Onsite,Onsite,1,1,9.0,100,2025-11-01,2026-05-30,1200,160,192000
105,2025-12-01,26,Python Developer,Offshore,Offshore,5,5,5.5,100,2025-11-01,2026-05-30,1000,800,800000
105,2025-12-01,25,Python Lead,Onsite,Onsite,1,1,9.0,100,2025-11-01,2026-05-30,1100,160,176000
105,2025-12-01,34,QA Lead,Onsite,Onsite,1,1,6.0,100,2025-11-01,2026-05-30,900,160,144000
105,2025-12-01,18,Solution Architect,Onsite,Onsite,1,1,9.0,100,2025-11-01,2026-05-30,1300,160,208000
106,2025-12-01,7,Automation Tester,Offshore,Offshore,1,1,6.0,100,2025-11-01,2026-05-30,800,160,128000
106,2025-12-01,2,BA,Onsite,Onsite,1,1,7.0,100,2025-11-01,2026-05-30,1000,160,160000
106,2025-12-01,36,DevOps Engineer,Offshore,Offshore,1,1,7.0,100,2025-11-01,2026-05-30,950,160,152000
106,2025-12-01,6,Manual Tester,Offshore,Offshore,1,1,6.0,100,2025-11-01,2026-05-30,750,160,120000
106,2025-12-01,1,PM,Onsite,Onsite,1,1,9.0,100,2025-11-01,2026-05-30,1200,160,192000
106,2025-12-01,26,Python Developer,Offshore,Offshore,4,4,5.5,100,2025-11-01,2026-05-30,1000,640,640000
106,2025-12-01,34,QA Lead,Onsite,Onsite,1,1,6.0,100,2025-11-01,2026-05-30,900,160,144000
107,2025-12-01,7,Automation Tester,Offshore,Offshore,1,1,6.0,100,2025-11-01,2026-05-30,800,160,128000
107,2025-12-01,2,BA,Onsite,Onsite,1,1,7.0,100,2025-11-01,2026-05-30,1000,160,160000
107,2025-12-01,36,DevOps Engineer,Offshore,Offshore,1,1,7.0,100,2025-11-01,2026-05-30,950,160,152000
107,2025-12-01,23,Java Developer,Offshore,Offshore,7,7,5.5,100,2025-11-01,2026-05-30,1000,1120,1120000
107,2025-12-01,21,Java Lead,Onsite,Onsite,1,1,9.0,100,2025-11-01,2026-05-30,1100,160,176000
107,2025-12-01,6,Manual Tester,Offshore,Offshore,1,1,6.0,100,2025-11-01,2026-05-30,750,160,120000
107,2025-12-01,1,PM,Onsite,Onsite,1,1,9.0,100,2025-11-01,2026-05-30,1200,160,192000
107,2025-12-01,34,QA Lead,Onsite,Onsite,1,1,6.0,100,2025-11-01,2026-05-30,900,160,144000
107,2025-12-01,18,Solution Architect,Onsite,Onsite,1,1,9.0,100,2025-11-01,2026-05-30,1300,160,208000
108,2025-12-01,7,Automation Tester,Offshore,Offshore,1,1,6.0,100,2025-11-01,2026-05-30,800,160,128000
108,2025-12-01,2,BA,Onsite,Onsite,1,1,7.0,100,2025-11-01,2026-05-30,1000,160,160000
108,2025-12-01,36,DevOps Engineer,Offshore,Offshore,1,1,7.0,100,2025-11-01,2026-05-30,950,160,152000
108,2025-12-01,6,Manual Tester,Offshore,Offshore,1,1,6.0,100,2025-11-01,2026-05-30,750,160,120000
108,2025-12-01,1,PM,Onsite,Onsite,1,1,9.0,100,2025-11-01,2026-05-30,1200,160,192000
108,2025-12-01,34,QA Lead,Onsite,Onsite,1,1,6.0,100,2025-11-01,2026-05-30,900,160,144000
108,2025-12-01,39,SAP Consultant,Offshore,Offshore,4,4,9.0,100,2025-11-01,2026-05-30,1100,640,704000
108,2025-12-01,18,Solution Architect,Onsite,Onsite,1,1,9.0,100,2025-11-01,2026-05-30,1300,160,208000
109,2025-12-01,7,Automation Tester,Offshore,Offshore,1,1,6.0,100,2025-11-01,2026-05-30,800,160,128000
109,2025-12-01,2,BA,Onsite,Onsite,1,1,7.0,100,2025-11-01,2026-05-30,1000,160,160000
109,2025-12-01,36,DevOps Engineer,Offshore,Offshore,1,1,7.0,100,2025-11-01,2026-05-30,950,160,152000
109,2025-12-01,6,Manual Tester,Offshore,Offshore,1,1,6.0,100,2025-11-01,2026-05-30,750,160,120000
109,2025-12-01,1,PM,Onsite,Onsite,1,1,9.0,100,2025-11-01,2026-05-30,1200,160,192000
109,2025-12-01,26,Python Developer,Offshore,Offshore,1,1,5.5,100,2025-11-01,2026-05-30,1000,160,160000
109,2025-12-01,34,QA Lead,Onsite,Onsite,1,1,6.0,100,2025-11-01,2026-05-30,900,160,144000
109,2025-12-01,39,SAP Consultant,Offshore,Offshore,9,9,9.0,100,2025-11-01,2026-05-30,1100,1440,1584000
109,2025-12-01,18,Solution Architect,Onsite,Onsite,1,1,9.0,100,2025-11-01,2026-05-30,1300,160,208000
110,2025-12-01,7,Automation Tester,Offshore,Offshore,1,1,6.0,100,2025-11-01,2026-05-30,800,160,128000
110,2025-12-01,2,BA,Onsite,Onsite,1,1,7.0,100,2025-11-01,2026-05-30,1000,160,160000
110,2025-12-01,36,DevOps Engineer,Offshore,Offshore,1,1,7.0,100,2025-11-01,2026-05-30,950,160,152000
110,2025-12-01,23,Java Developer,Offshore,Offshore,8,8,5.5,100,2025-11-01,2026-05-30,1000,1280,1280000
110,2025-12-01,21,Java Lead,Onsite,Onsite,1,1,9.0,100,2025-11-01,2026-05-30,1100,160,176000
110,2025-12-01,6,Manual Tester,Offshore,Offshore,1,1,6.0,100,2025-11-01,2026-05-30,750,160,120000
110,2025-12-01,1,PM,Onsite,Onsite,1,1,9.0,100,2025-11-01,2026-05-30,1200,160,192000
110,2025-12-01,34,QA Lead,Onsite,Onsite,1,1,6.0,100,2025-11-01,2026-05-30,900,160,144000
110,2025-12-01,18,Solution Architect,Onsite,Onsite,1,1,9.0,100,2025-11-01,2026-05-30,1300,160,208000
111,2025-12-01,7,Automation Tester,Offshore,Offshore,1,1,6.0,100,2025-11-01,2026-05-30,800,160,128000
111,2025-12-01,2,BA,Onsite,Onsite,1,1,7.0,100,2025-11-01,2026-05-30,1000,160,160000
111,2025-12-01,36,DevOps Engineer,Offshore,Offshore,1,1,7.0,100,2025-11-01,2026-05-30,950,160,152000
111,2025-12-01,6,Manual Tester,Offshore,Offshore,1,1,6.0,100,2025-11-01,2026-05-30,750,160,120000
111,2025-12-01,1,PM,Onsite,Onsite,1,1,9.0,100,2025-11-01,2026-05-30,1200,160,192000
111,2025-12-01,26,Python Developer,Offshore,Offshore,6,6,5.5,100,2025-11-01,2026-05-30,1000,960,960000
111,2025-12-01,34,QA Lead,Onsite,Onsite,1,1,6.0,100,2025-11-01,2026-05-30,900,160,144000
111,2025-12-01,18,Solution Architect,Onsite,Onsite,1,1,9.0,100,2025-11-01,2026-05-30,1300,160,208000
112,2025-12-01,7,Automation Tester,Offshore,Offshore,1,1,6.0,100,2025-11-01,2026-05-30,800,160,128000
112,2025-12-01,2,BA,Onsite,Onsite,1,1,7.0,100,2025-11-01,2026-05-30,1000,160,160000
112,2025-12-01,36,DevOps Engineer,Offshore,Offshore,1,1,7.0,100,2025-11-01,2026-05-30,950,160,152000
112,2025-12-01,6,Manual Tester,Offshore,Offshore,1,1,6.0,100,2025-11-01,2026-05-30,750,160,120000
112,2025-12-01,1,PM,Onsite,Onsite,1,1,9.0,100,2025-11-01,2026-05-30,1200,160,192000
112,2025-12-01,26,Python Developer,Offshore,Offshore,7,7,5.5,100,2025-11-01,2026-05-30,1000,1120,1120000
112,2025-12-01,25,Python Lead,Onsite,Onsite,1,1,9.0,100,2025-11-01,2026-05-30,1100,160,176000
112,2025-12-01,34,QA Lead,Onsite,Onsite,1,1,6.0,100,2025-11-01,2026-05-30,900,160,144000
112,2025-12-01,18,Solution Architect,Onsite,Onsite,1,1,9.0,100,2025-11-01,2026-05-30,1300,160,208000
113,2025-12-01,7,Automation Tester,Onsite,Onsite,1,1,6.0,100,2025-11-01,2026-05-30,800,160,128000
113,2025-12-01,2,BA,Onsite,Onsite,1,1,7.0,100,2025-11-01,2026-05-30,1000,160,160000
113,2025-12-01,6,Manual Tester,Onsite,Onsite,1,1,6.0,100,2025-11-01,2026-05-30,750,160,120000
113,2025-12-01,1,PM,Onsite,Onsite,1,1,9.0,100,2025-11-01,2026-05-30,1200,160,192000
113,2025-12-01,26,Python Developer,Onsite,Onsite,3,3,5.5,100,2025-11-01,2026-05-30,1000,480,480000
113,2025-12-01,34,QA Lead,Onsite,Onsite,1,1,6.0,100,2025-11-01,2026-05-30,900,160,144000
114,2025-12-01,2,BA,Onsite,Onsite,1,1,7.0,100,2025-11-01,2026-05-30,1000,160,160000
114,2025-12-01,6,Manual Tester,Onsite,Onsite,1,1,6.0,100,2025-11-01,2026-05-30,750,160,120000
114,2025-12-01,1,PM,Onsite,Onsite,1,1,9.0,100,2025-11-01,2026-05-30,1200,160,192000
114,2025-12-01,26,Python Developer,Onsite,Onsite,2,2,5.5,100,2025-11-01,2026-05-30,1000,320,320000
114,2025-12-01,34,QA Lead,Onsite,Onsite,1,1,6.0,100,2025-11-01,2026-05-30,900,160,144000
115,2025-12-01,7,Automation Tester,Offshore,Offshore,1,1,6.0,100,2025-11-01,2026-05-30,800,160,128000
115,2025-12-01,2,BA,Onsite,Onsite,1,1,7.0,100,2025-11-01,2026-05-30,1000,160,160000
115,2025-12-01,36,DevOps Engineer,Offshore,Offshore,1,1,7.0,100,2025-11-01,2026-05-30,950,160,152000
115,2025-12-01,6,Manual Tester,Offshore,Offshore,1,1,6.0,100,2025-11-01,2026-05-30,750,160,120000
115,2025-12-01,1,PM,Onsite,Onsite,1,1,9.0,100,2025-11-01,2026-05-30,1200,160,192000
115,2025-12-01,26,Python Developer,Offshore,Offshore,8,8,5.5,100,2025-11-01,2026-05-30,1000,1280,1280000
115,2025-12-01,34,QA Lead,Onsite,Onsite,1,1,6.0,100,2025-11-01,2026-05-30,900,160,144000
115,2025-12-01,29,React Developer,Offshore,Offshore,8,8,5.5,100,2025-11-01,2026-05-30,950,1280,1216000
115,2025-12-01,27,React Lead,Onsite,Onsite,1,1,9.0,100,2025-11-01,2026-05-30,1050,160,168000
115,2025-12-01,18,Solution Architect,Onsite,Onsite,1,1,9.0,100,2025-11-01,2026-05-30,1300,160,208000
116,2025-12-01,7,Automation Tester,Offshore,Offshore,1,1,6.0,100,2025-11-01,2026-05-30,800,160,128000
116,2025-12-01,2,BA,Onsite,Onsite,1,1,7.0,100,2025-11-01,2026-05-30,1000,160,160000
116,2025-12-01,36,DevOps Engineer,Offshore,Offshore,1,1,7.0,100,2025-11-01,2026-05-30,950,160,152000
116,2025-12-01,6,Manual Tester,Offshore,Offshore,1,1,6.0,100,2025-11-01,2026-05-30,750,160,120000
116,2025-12-01,1,PM,Onsite,Onsite,1,1,9.0,100,2025-11-01,2026-05-30,1200,160,192000
116,2025-12-01,26,Python Developer,Offshore,Offshore,4,4,5.5,100,2025-11-01,2026-05-30,1000,640,640000
116,2025-12-01,34,QA Lead,Onsite,Onsite,1,1,6.0,100,2025-11-01,2026-05-30,900,160,144000
117,2025-12-01,7,Automation Tester,Offshore,Offshore,1,1,6.0,100,2025-11-01,2026-05-30,800,160,128000
117,2025-12-01,2,BA,Onsite,Onsite,1,1,7.0,100,2025-11-01,2026-05-30,1000,160,160000
117,2025-12-01,36,DevOps Engineer,Offshore,Offshore,1,1,7.0,100,2025-11-01,2026-05-30,950,160,152000
117,2025-12-01,6,Manual Tester,Offshore,Offshore,1,1,6.0,100,2025-11-01,2026-05-30,750,160,120000
117,2025-12-01,1,PM,Onsite,Onsite,1,1,9.0,100,2025-11-01,2026-05-30,1200,160,192000
117,2025-12-01,26,Python Developer,Offshore,Offshore,5,5,5.5,100,2025-11-01,2026-05-30,1000,800,800000
117,2025-12-01,34,QA Lead,Onsite,Onsite,1,1,6.0,100,2025-11-01,2026-05-30,900,160,144000
117,2025-12-01,18,Solution Architect,Onsite,Onsite,1,1,9.0,100,2025-11-01,2026-05-30,1300,160,208000
118,2025-12-01,7,Automation Tester,Offshore,Offshore,1,1,6.0,100,2025-11-01,2026-05-30,800,160,128000
118,2025-12-01,2,BA,Onsite,Onsite,1,1,7.0,100,2025-11-01,2026-05-30,1000,160,160000
118,2025-12-01,36,DevOps Engineer,Offshore,Offshore,1,1,7.0,100,2025-11-01,2026-05-30,950,160,152000
118,2025-12-01,23,Java Developer,Offshore,Offshore,4,4,5.5,100,2025-11-01,2026-05-30,1000,640,640000
118,2025-12-01,6,Manual Tester,Offshore,Offshore,1,1,6.0,100,2025-11-01,2026-05-30,750,160,120000
118,2025-12-01,1,PM,Onsite,Onsite,1,1,9.0,100,2025-11-01,2026-05-30,1200,160,192000
118,2025-12-01,34,QA Lead,Onsite,Onsite,1,1,6.0,100,2025-11-01,2026-05-30,900,160,144000
119,2025-12-01,7,Automation Tester,Offshore,Offshore,1,1,6.0,100,2025-11-01,2026-05-30,800,160,128000
119,2025-12-01,2,BA,Onsite,Onsite,1,1,7.0,100,2025-11-01,2026-05-30,1000,160,160000
119,2025-12-01,36,DevOps Engineer,Offshore,Offshore,1,1,7.0,100,2025-11-01,2026-05-30,950,160,152000
119,2025-12-01,6,Manual Tester,Offshore,Offshore,1,1,6.0,100,2025-11-01,2026-05-30,750,160,120000
119,2025-12-01,1,PM,Onsite,Onsite,1,1,9.0,100,2025-11-01,2026-05-30,1200,160,192000
119,2025-12-01,26,Python Developer,Offshore,Offshore,1,1,5.5,100,2025-11-01,2026-05-30,1000,160,160000
119,2025-12-01,34,QA Lead,Onsite,Onsite,1,1,6.0,100,2025-11-01,2026-05-30,900,160,144000
119,2025-12-01,39,SAP Consultant,Offshore,Offshore,10,10,9.0,100,2025-11-01,2026-05-30,1100,1600,1760000
119,2025-12-01,18,Solution Architect,Onsite,Onsite,1,1,9.0,100,2025-11-01,2026-05-30,1300,160,208000
120,2025-12-01,2,BA,Onsite,Onsite,1,1,7.0,100,2025-11-01,2026-05-30,1000,160,160000
120,2025-12-01,6,Manual Tester,Onsite,Onsite,1,1,6.0,100,2025-11-01,2026-05-30,750,160,120000
120,2025-12-01,1,PM,Onsite,Onsite,1,1,9.0,100,2025-11-01,2026-05-30,1200,160,192000
120,2025-12-01,34,QA Lead,Onsite,Onsite,1,1,6.0,100,2025-11-01,2026-05-30,900,160,144000
120,2025-12-01,39,SAP Consultant,Onsite,Onsite,3,3,9.0,100,2025-11-01,2026-05-30,1100,480,528000
129,2025-12-01,2,BA,Onsite,Onsite,1,1,7.0,100,2025-11-01,2026-05-30,1000,160,160000
129,2025-12-01,6,Manual Tester,Onsite,Onsite,1,1,6.0,100,2025-11-01,2026-05-30,750,160,120000
129,2025-12-01,1,PM,Onsite,Onsite,1,1,9.0,100,2025-11-01,2026-05-30,1200,160,192000
129,2025-12-01,26,Python Developer,Onsite,Onsite,2,2,5.5,100,2025-11-01,2026-05-30,1000,320,320000
129,2025-12-01,34,QA Lead,Onsite,Onsite,1,1,6.0,100,2025-11-01,2026-05-30,900,160,144000
130,2025-12-01,2,BA,Onsite,Onsite,1,1,7.0,100,2025-11-01,2026-05-30,1000,160,160000
130,2025-12-01,6,Manual Tester,Onsite,Onsite,1,1,6.0,100,2025-11-01,2026-05-30,750,160,120000
130,2025-12-01,1,PM,Onsite,Onsite,1,1,9.0,100,2025-11-01,2026-05-30,1200,160,192000
130,2025-12-01,26,Python Developer,Onsite,Onsite,2,2,5.5,100,2025-11-01,2026-05-30,1000,320,320000
130,2025-12-01,34,QA Lead,Onsite,Onsite,1,1,6.0,100,2025-11-01,2026-05-30,900,160,144000
